# Simulation 1D along z | 2020-08-03 14:33:53.673313
x;y;z;Bx;By;Bz;Fx;Fy;Fz
[mm];[mm];[mm];[mT];[mT];[mT];[N];[N];[N]
0.0;0.0;0.0;nan;nan;nan;nan;nan;nan
0.0;0.0;0.03003003003003003;0.0;0.0;490.14480105774686;0.0;0.0;-0.9782151133
0.0;0.0;0.06006006006006006;0.0;0.0;484.15321161130925;0.0;0.0;-0.9656372866
0.0;0.0;0.09009009009009009;0.0;0.0;478.1667630819219;0.0;0.0;-0.9526728727
0.0;0.0;0.12012012012012012;0.0;0.0;472.18803732545956;0.0;0.0;-0.939344675
0.0;0.0;0.15015015015015015;0.0;0.0;466.2195994566208;0.0;0.0;-0.9256761708
0.0;0.0;0.18018018018018017;0.0;0.0;460.26399240018;0.0;0.0;-0.9116912844
0.0;0.0;0.21021021021021022;0.0;0.0;454.32373155293124;0.0;0.0;-0.8974143543
0.0;0.0;0.24024024024024024;0.0;0.0;448.40129958212145;0.0;0.0;-0.8828702327
0.0;0.0;0.2702702702702703;0.0;0.0;442.4991413849592;0.0;0.0;-0.8680838416
0.0;0.0;0.3003003003003003;0.0;0.0;436.6196592323703;0.0;0.0;-0.8530802395
0.0;0.0;0.3303303303303303;0.0;0.0;430.7652081185752;0.0;0.0;-0.837884594
0.0;0.0;0.36036036036036034;0.0;0.0;424.9380913362902;0.0;0.0;-0.8225218979
0.0;0.0;0.39039039039039036;0.0;0.0;419.14055629546147;0.0;0.0;-0.8070171251
0.0;0.0;0.42042042042042044;0.0;0.0;413.3747906014156;0.0;0.0;-0.7913947928
0.0;0.0;0.45045045045045046;0.0;0.0;407.64291840620075;0.0;0.0;-0.7756792101
0.0;0.0;0.4804804804804805;0.0;0.0;401.94699704472805;0.0;0.0;-0.7598942229
0.0;0.0;0.5105105105105106;0.0;0.0;396.28901396510395;0.0;0.0;-0.744063138
0.0;0.0;0.5405405405405406;0.0;0.0;390.6708839603308;0.0;0.0;-0.7282087306
0.0;0.0;0.5705705705705706;0.0;0.0;385.0944467063412;0.0;0.0;-0.7123530603
0.0;0.0;0.6006006006006006;0.0;0.0;379.5614646091601;0.0;0.0;-0.6965175678
0.0;0.0;0.6306306306306306;0.0;0.0;374.07362096188007;0.0;0.0;-0.680722791
0.0;0.0;0.6606606606606606;0.0;0.0;368.63251841009577;0.0;0.0;-0.6649886229
0.0;0.0;0.6906906906906907;0.0;0.0;363.2396777225141;0.0;0.0;-0.6493339315
0.0;0.0;0.7207207207207207;0.0;0.0;357.89653686162774;0.0;0.0;-0.6337768591
0.0;0.0;0.7507507507507507;0.0;0.0;352.6044503476498;0.0;0.0;-0.6183345336
0.0;0.0;0.7807807807807807;0.0;0.0;347.3646889073411;0.0;0.0;-0.6030231547
0.0;0.0;0.8108108108108109;0.0;0.0;342.1784393979626;0.0;0.0;-0.5878579737
0.0;0.0;0.8408408408408409;0.0;0.0;337.04680499531355;0.0;0.0;-0.5728532771
0.0;0.0;0.8708708708708709;0.0;0.0;331.9708056337287;0.0;0.0;-0.5580224085
0.0;0.0;0.9009009009009009;0.0;0.0;326.951378684953;0.0;0.0;-0.5433776939
0.0;0.0;0.9309309309309309;0.0;0.0;321.9893798620422;0.0;0.0;-0.5289305375
0.0;0.0;0.960960960960961;0.0;0.0;317.0855843337971;0.0;0.0;-0.5146912911
0.0;0.0;0.990990990990991;0.0;0.0;312.2406880347753;0.0;0.0;-0.5006695128
0.0;0.0;1.021021021021021;0.0;0.0;307.4553091555868;0.0;0.0;-0.4868737141
0.0;0.0;1.0510510510510511;0.0;0.0;302.72998979799434;0.0;0.0;-0.4733115276
0.0;0.0;1.0810810810810811;0.0;0.0;298.06519777928156;0.0;0.0;-0.4599897424
0.0;0.0;1.1111111111111112;0.0;0.0;293.4613285704109;0.0;0.0;-0.4469142528
0.0;0.0;1.1411411411411412;0.0;0.0;288.9187073526753;0.0;0.0;-0.434090159
0.0;0.0;1.1711711711711712;0.0;0.0;284.4375911778208;0.0;0.0;-0.4215217478
0.0;0.0;1.2012012012012012;0.0;0.0;280.0181712169881;0.0;0.0;-0.409212535
0.0;0.0;1.2312312312312312;0.0;0.0;275.6605750842735;0.0;0.0;-0.3971653613
0.0;0.0;1.2612612612612613;0.0;0.0;271.36486922122583;0.0;0.0;-0.3853823196
0.0;0.0;1.2912912912912913;0.0;0.0;267.13106132918045;0.0;0.0;-0.373864853
0.0;0.0;1.3213213213213213;0.0;0.0;262.9591028369546;0.0;0.0;-0.3626138185
0.0;0.0;1.3513513513513513;0.0;0.0;258.8488913921051;0.0;0.0;-0.3516294455
0.0;0.0;1.3813813813813813;0.0;0.0;254.80027336463837;0.0;0.0;-0.3409114781
0.0;0.0;1.4114114114114114;0.0;0.0;250.8130463527924;0.0;0.0;-0.3304590804
0.0;0.0;1.4414414414414414;0.0;0.0;246.88696168123576;0.0;0.0;-0.3202709756
0.0;0.0;1.4714714714714714;0.0;0.0;243.02172688277227;0.0;0.0;-0.3103454526
0.0;0.0;1.5015015015015014;0.0;0.0;239.21700815537827;0.0;0.0;-0.3006803976
0.0;0.0;1.5315315315315314;0.0;0.0;235.47243278712577;0.0;0.0;-0.2912733242
0.0;0.0;1.5615615615615615;0.0;0.0;231.7875915422679;0.0;0.0;-0.2821213564
0.0;0.0;1.5915915915915915;0.0;0.0;228.16204100246148;0.0;0.0;-0.2732213746
0.0;0.0;1.6216216216216217;0.0;0.0;224.5953058577803;0.0;0.0;-0.2645699687
0.0;0.0;1.6516516516516517;0.0;0.0;221.0868811428299;0.0;0.0;-0.2561634424
0.0;0.0;1.6816816816816818;0.0;0.0;217.63623441389885;0.0;0.0;-0.2479979255
0.0;0.0;1.7117117117117118;0.0;0.0;214.24280786367999;0.0;0.0;-0.240069307
0.0;0.0;1.7417417417417418;0.0;0.0;210.90602037066006;0.0;0.0;-0.2323733217
0.0;0.0;1.7717717717717718;0.0;0.0;207.62526948081012;0.0;0.0;-0.2249056092
0.0;0.0;1.8018018018018018;0.0;0.0;204.3999333197053;0.0;0.0;-0.217661585
0.0;0.0;1.8318318318318318;0.0;0.0;201.2293724336698;0.0;0.0;-0.2106366444
0.0;0.0;1.8618618618618619;0.0;0.0;198.11293155897306;0.0;0.0;-0.2038260727
0.0;0.0;1.8918918918918919;0.0;0.0;195.04994131850037;0.0;0.0;-0.1972250602
0.0;0.0;1.921921921921922;0.0;0.0;192.03971984568383;0.0;0.0;-0.1908287942
0.0;0.0;1.951951951951952;0.0;0.0;189.08157433581312;0.0;0.0;-0.1846323904
0.0;0.0;1.981981981981982;0.0;0.0;186.17480252514378;0.0;0.0;-0.1786309809
0.0;0.0;2.012012012012012;0.0;0.0;183.31869409849077;0.0;0.0;-0.1728196842
0.0;0.0;2.042042042042042;0.0;0.0;180.51253202623613;0.0;0.0;-0.1671935954
0.0;0.0;2.0720720720720722;0.0;0.0;177.75559383189284;0.0;0.0;-0.1617478494
0.0;0.0;2.1021021021021022;0.0;0.0;175.04715279155155;0.0;0.0;-0.1564776257
0.0;0.0;2.1321321321321323;0.0;0.0;172.38647906670283;0.0;0.0;-0.1513781354
0.0;0.0;2.1621621621621623;0.0;0.0;169.7728407720618;0.0;0.0;-0.1464446094
0.0;0.0;2.1921921921921923;0.0;0.0;167.20550498014563;0.0;0.0;-0.1416723549
0.0;0.0;2.2222222222222223;0.0;0.0;164.6837386644411;0.0;0.0;-0.137056757
0.0;0.0;2.2522522522522523;0.0;0.0;162.20680958309276;0.0;0.0;-0.1325932152
0.0;0.0;2.2822822822822824;0.0;0.0;159.7739871050891;0.0;0.0;-0.1282772777
0.0;0.0;2.3123123123123124;0.0;0.0;157.38454298097932;0.0;0.0;-0.1241044797
0.0;0.0;2.3423423423423424;0.0;0.0;155.03775206018128;0.0;0.0;-0.1200705065
0.0;0.0;2.3723723723723724;0.0;0.0;152.7328929569621;0.0;0.0;-0.1161711127
0.0;0.0;2.4024024024024024;0.0;0.0;150.46924866717458;0.0;0.0;-0.1124021087
0.0;0.0;2.4324324324324325;0.0;0.0;148.24610713783795;0.0;0.0;-0.1087594223
0.0;0.0;2.4624624624624625;0.0;0.0;146.06276179162842;0.0;0.0;-0.1052390816
0.0;0.0;2.4924924924924925;0.0;0.0;143.91851200833412;0.0;0.0;-0.1018371709
0.0;0.0;2.5225225225225225;0.0;0.0;141.81266356529062;0.0;0.0;-0.0985499027
0.0;0.0;2.5525525525525525;0.0;0.0;139.74452903878975;0.0;0.0;-0.0953735589
0.0;0.0;2.5825825825825826;0.0;0.0;137.7134281684034;0.0;0.0;-0.092304546
0.0;0.0;2.6126126126126126;0.0;0.0;135.71868818612737;0.0;0.0;-0.0893393237
0.0;0.0;2.6426426426426426;0.0;0.0;133.75964411219994;0.0;0.0;-0.086474473
0.0;0.0;2.6726726726726726;0.0;0.0;131.83563901939488;0.0;0.0;-0.0837066528
0.0;0.0;2.7027027027027026;0.0;0.0;129.9460242675403;0.0;0.0;-0.0810326514
0.0;0.0;2.7327327327327327;0.0;0.0;128.09015970995233;0.0;0.0;-0.0784493051
0.0;0.0;2.7627627627627627;0.0;0.0;126.26741387342051;0.0;0.0;-0.0759535743
0.0;0.0;2.7927927927927927;0.0;0.0;124.47716411331865;0.0;0.0;-0.0735424654
0.0;0.0;2.8228228228228227;0.0;0.0;122.71879674535865;0.0;0.0;-0.071213141
0.0;0.0;2.8528528528528527;0.0;0.0;120.99170715544365;0.0;0.0;-0.0689627806
0.0;0.0;2.8828828828828827;0.0;0.0;119.29529988901648;0.0;0.0;-0.0667887024
0.0;0.0;2.9129129129129128;0.0;0.0;117.62898872124295;0.0;0.0;-0.0646882861
0.0;0.0;2.942942942942943;0.0;0.0;115.99219670930798;0.0;0.0;-0.0626589963
0.0;0.0;2.972972972972973;0.0;0.0;114.38435622804693;0.0;0.0;-0.0606983675
0.0;0.0;3.003003003003003;0.0;0.0;112.80490899007559;0.0;0.0;-0.0588040259
0.0;0.0;3.033033033033033;0.0;0.0;111.25330605152928;0.0;0.0;-0.0569736969
0.0;0.0;3.063063063063063;0.0;0.0;109.72900780446393;0.0;0.0;-0.0552051247
0.0;0.0;3.093093093093093;0.0;0.0;108.23148395692249;0.0;0.0;-0.0534961817
0.0;0.0;3.123123123123123;0.0;0.0;106.76021350161611;0.0;0.0;-0.0518447774
0.0;0.0;3.153153153153153;0.0;0.0;105.3146846741202;0.0;0.0;-0.0502489219
0.0;0.0;3.183183183183183;0.0;0.0;103.89439490143774;0.0;0.0;-0.0487066482
0.0;0.0;3.2132132132132134;0.0;0.0;102.49885074173592;0.0;0.0;-0.0472161058
0.0;0.0;3.2432432432432434;0.0;0.0;101.12756781601598;0.0;0.0;-0.0457754644
0.0;0.0;3.2732732732732734;0.0;0.0;99.78007073243236;0.0;0.0;-0.0443829937
0.0;0.0;3.3033033033033035;0.0;0.0;98.45589300394026;0.0;0.0;-0.0430370006
0.0;0.0;3.3333333333333335;0.0;0.0;97.15457695990453;0.0;0.0;-0.041735838
0.0;0.0;3.3633633633633635;0.0;0.0;95.87567365226901;0.0;0.0;-0.0404779616
0.0;0.0;3.3933933933933935;0.0;0.0;94.61874275684819;0.0;0.0;-0.0392618297
0.0;0.0;3.4234234234234235;0.0;0.0;93.38335247026635;0.0;0.0;-0.0380859988
0.0;0.0;3.4534534534534536;0.0;0.0;92.16907940303888;0.0;0.0;-0.0369490355
0.0;0.0;3.4834834834834836;0.0;0.0;90.97550846925658;0.0;0.0;-0.0358495905
0.0;0.0;3.5135135135135136;0.0;0.0;89.8022327733053;0.0;0.0;-0.0347863407
0.0;0.0;3.5435435435435436;0.0;0.0;88.64885349402296;0.0;0.0;-0.0337580242
0.0;0.0;3.5735735735735736;0.0;0.0;87.51497976666992;0.0;0.0;-0.0327634206
0.0;0.0;3.6036036036036037;0.0;0.0;86.40022856306325;0.0;0.0;-0.0318013408
0.0;0.0;3.6336336336336337;0.0;0.0;85.30422457019938;0.0;0.0;-0.030870652
0.0;0.0;3.6636636636636637;0.0;0.0;84.22660006766806;0.0;0.0;-0.0299702669
0.0;0.0;3.6936936936936937;0.0;0.0;83.16699480413769;0.0;0.0;-0.0290991085
0.0;0.0;3.7237237237237237;0.0;0.0;82.12505587317231;0.0;0.0;-0.0282561767
0.0;0.0;3.7537537537537538;0.0;0.0;81.10043758862015;0.0;0.0;-0.027440479
0.0;0.0;3.7837837837837838;0.0;0.0;80.09280135979463;0.0;0.0;-0.0266510719
0.0;0.0;3.813813813813814;0.0;0.0;79.10181556665391;0.0;0.0;-0.0258870342
0.0;0.0;3.843843843843844;0.0;0.0;78.12715543516589;0.0;0.0;-0.0251474985
0.0;0.0;3.873873873873874;0.0;0.0;77.16850291303206;0.0;0.0;-0.0244316098
0.0;0.0;3.903903903903904;0.0;0.0;76.22554654592645;0.0;0.0;-0.0237385485
0.0;0.0;3.933933933933934;0.0;0.0;75.29798135439852;0.0;0.0;-0.0230675291
0.0;0.0;3.963963963963964;0.0;0.0;74.3855087115669;0.0;0.0;-0.0224177914
0.0;0.0;3.993993993993994;0.0;0.0;73.4878362217276;0.0;0.0;-0.021788607
0.0;0.0;4.024024024024024;0.0;0.0;72.60467759998365;0.0;0.0;-0.0211792564
0.0;0.0;4.054054054054054;0.0;0.0;71.73575255299531;0.0;0.0;-0.0205890792
0.0;0.0;4.084084084084084;0.0;0.0;70.880786660939;0.0;0.0;-0.0200174004
0.0;0.0;4.114114114114114;0.0;0.0;70.03951126075435;0.0;0.0;-0.019463602
0.0;0.0;4.1441441441441444;0.0;0.0;69.21166333074935;0.0;0.0;-0.0189270644
0.0;0.0;4.1741741741741745;0.0;0.0;68.3969853766297;0.0;0.0;-0.0184072087
0.0;0.0;4.2042042042042045;0.0;0.0;67.59522531900141;0.0;0.0;-0.0179034606
0.0;0.0;4.2342342342342345;0.0;0.0;66.80613638240321;0.0;0.0;-0.0174152775
0.0;0.0;4.2642642642642645;0.0;0.0;66.0294769859037;0.0;0.0;-0.0169421403
0.0;0.0;4.2942942942942945;0.0;0.0;65.26501063530382;0.0;0.0;-0.0164835269
0.0;0.0;4.324324324324325;0.0;0.0;64.51250581697346;0.0;0.0;-0.0160389573
0.0;0.0;4.354354354354355;0.0;0.0;63.771735893348065;0.0;0.0;-0.0156079602
0.0;0.0;4.384384384384385;0.0;0.0;63.04247900010494;0.0;0.0;-0.015190079
0.0;0.0;4.414414414414415;0.0;0.0;62.324517945038174;0.0;0.0;-0.0147848714
0.0;0.0;4.444444444444445;0.0;0.0;61.617640108640224;0.0;0.0;-0.0143919213
0.0;0.0;4.474474474474475;0.0;0.0;60.92163734640409;0.0;0.0;-0.0140108191
0.0;0.0;4.504504504504505;0.0;0.0;60.23630589284496;0.0;0.0;-0.013641168
0.0;0.0;4.534534534534535;0.0;0.0;59.56144626724931;0.0;0.0;-0.0132825897
0.0;0.0;4.564564564564565;0.0;0.0;58.896863181145235;0.0;0.0;-0.012934723
0.0;0.0;4.594594594594595;0.0;0.0;58.24236544749416;0.0;0.0;-0.0125972063
0.0;0.0;4.624624624624625;0.0;0.0;57.597765891595586;0.0;0.0;-0.0122697122
0.0;0.0;4.654654654654655;0.0;0.0;56.96288126369731;0.0;0.0;-0.0119519005
0.0;0.0;4.684684684684685;0.0;0.0;56.33753215330128;0.0;0.0;-0.0116434581
0.0;0.0;4.714714714714715;0.0;0.0;55.721542905152106;0.0;0.0;-0.0113440815
0.0;0.0;4.744744744744745;0.0;0.0;55.114741536894066;0.0;0.0;-0.0110534764
0.0;0.0;4.774774774774775;0.0;0.0;54.51695965838321;0.0;0.0;-0.0107713519
0.0;0.0;4.804804804804805;0.0;0.0;53.92803239263555;0.0;0.0;-0.010497442
0.0;0.0;4.834834834834835;0.0;0.0;53.347798298394856;0.0;0.0;-0.0102314782
0.0;0.0;4.864864864864865;0.0;0.0;52.776099294301474;0.0;0.0;-0.009973205
0.0;0.0;4.894894894894895;0.0;0.0;52.21278058464058;0.0;0.0;-0.0097223696
0.0;0.0;4.924924924924925;0.0;0.0;51.65769058665097;0.0;0.0;-0.0094787471
0.0;0.0;4.954954954954955;0.0;0.0;51.11068085937175;0.0;0.0;-0.009242094
0.0;0.0;4.984984984984985;0.0;0.0;50.571606034006074;0.0;0.0;-0.009012194
0.0;0.0;5.015015015015015;0.0;0.0;50.04032374577752;0.0;0.0;-0.0087888373
0.0;0.0;5.045045045045045;0.0;0.0;49.51669456725827;0.0;0.0;-0.0085718102
0.0;0.0;5.075075075075075;0.0;0.0;49.000581943143025;0.0;0.0;-0.0083609154
0.0;0.0;5.105105105105105;0.0;0.0;48.49185212644707;0.0;0.0;-0.008155961
0.0;0.0;5.135135135135135;0.0;0.0;47.99037411610458;0.0;0.0;-0.0079567608
0.0;0.0;5.165165165165165;0.0;0.0;47.49601959594052;0.0;0.0;-0.0077631294
0.0;0.0;5.195195195195195;0.0;0.0;47.008662874993945;0.0;0.0;-0.0075749007
0.0;0.0;5.225225225225225;0.0;0.0;46.528180829169244;0.0;0.0;-0.0073918995
0.0;0.0;5.255255255255255;0.0;0.0;46.05445284418647;0.0;0.0;-0.0072139695
0.0;0.0;5.285285285285285;0.0;0.0;45.587360759812356;0.0;0.0;-0.0070409542
0.0;0.0;5.315315315315315;0.0;0.0;45.12678881534318;0.0;0.0;-0.0068726971
0.0;0.0;5.345345345345345;0.0;0.0;44.672623596316264;0.0;0.0;-0.0067090552
0.0;0.0;5.375375375375375;0.0;0.0;44.224753982427046;0.0;0.0;-0.0065498851
0.0;0.0;5.405405405405405;0.0;0.0;43.783071096627786;0.0;0.0;-0.0063950517
0.0;0.0;5.435435435435435;0.0;0.0;43.34746825538119;0.0;0.0;-0.0062444239
0.0;0.0;5.465465465465465;0.0;0.0;42.9178409200494;0.0;0.0;-0.0060978698
0.0;0.0;5.495495495495495;0.0;0.0;42.49408664939269;0.0;0.0;-0.00595527
0.0;0.0;5.525525525525525;0.0;0.0;42.07610505315419;0.0;0.0;-0.005816504
0.0;0.0;5.555555555555555;0.0;0.0;41.66379774670974;0.0;0.0;-0.0056814546
0.0;0.0;5.585585585585585;0.0;0.0;41.257068306758356;0.0;0.0;-0.0055500122
0.0;0.0;5.615615615615615;0.0;0.0;40.855822228031904;0.0;0.0;-0.0054220701
0.0;0.0;5.645645645645645;0.0;0.0;40.45996688100218;0.0;0.0;-0.0052975206
0.0;0.0;5.675675675675675;0.0;0.0;40.06941147056375;0.0;0.0;-0.0051762627
0.0;0.0;5.7057057057057055;0.0;0.0;39.68406699566865;0.0;0.0;-0.0050582026
0.0;0.0;5.7357357357357355;0.0;0.0;39.303846209896605;0.0;0.0;-0.0049432447
0.0;0.0;5.7657657657657655;0.0;0.0;38.92866358293585;0.0;0.0;-0.0048312924
0.0;0.0;5.7957957957957955;0.0;0.0;38.55843526295636;0.0;0.0;-0.0047222631
0.0;0.0;5.8258258258258255;0.0;0.0;38.19307903985382;0.0;0.0;-0.004616069
0.0;0.0;5.8558558558558556;0.0;0.0;37.83251430934704;0.0;0.0;-0.0045126283
0.0;0.0;5.885885885885886;0.0;0.0;37.47666203790689;0.0;0.0;-0.0044118576
0.0;0.0;5.915915915915916;0.0;0.0;37.125444728499374;0.0;0.0;-0.0043136834
0.0;0.0;5.945945945945946;0.0;0.0;36.7787863871241;0.0;0.0;-0.0042180303
0.0;0.0;5.975975975975976;0.0;0.0;36.436612490128354;0.0;0.0;-0.0041248213
0.0;0.0;6.006006006006006;0.0;0.0;36.09884995228131;0.0;0.0;-0.0040339887
0.0;0.0;6.036036036036036;0.0;0.0;35.76542709558835;0.0;0.0;-0.0039454667
0.0;0.0;6.066066066066066;0.0;0.0;35.43627361883026;0.0;0.0;-0.0038591838
0.0;0.0;6.096096096096096;0.0;0.0;35.11132056780864;0.0;0.0;-0.0037750814
0.0;0.0;6.126126126126126;0.0;0.0;34.79050030628269;0.0;0.0;-0.0036930951
0.0;0.0;6.156156156156156;0.0;0.0;34.473746487579184;0.0;0.0;-0.0036131658
0.0;0.0;6.186186186186186;0.0;0.0;34.16099402686304;0.0;0.0;-0.0035352359
0.0;0.0;6.216216216216216;0.0;0.0;33.85217907404757;0.0;0.0;-0.0034592459
0.0;0.0;6.246246246246246;0.0;0.0;33.54723898733562;0.0;0.0;-0.0033851412
0.0;0.0;6.276276276276276;0.0;0.0;33.24611230737244;0.0;0.0;-0.0033128754
0.0;0.0;6.306306306306306;0.0;0.0;32.94873873199539;0.0;0.0;-0.0032423898
0.0;0.0;6.336336336336336;0.0;0.0;32.65505909157042;0.0;0.0;-0.0031736407
0.0;0.0;6.366366366366366;0.0;0.0;32.365015324897094;0.0;0.0;-0.0031065754
0.0;0.0;6.396396396396396;0.0;0.0;32.0785504556701;0.0;0.0;-0.0030411492
0.0;0.0;6.426426426426427;0.0;0.0;31.795608569485314;0.0;0.0;-0.0029773153
0.0;0.0;6.456456456456457;0.0;0.0;31.516134791374792;0.0;0.0;-0.0029150313
0.0;0.0;6.486486486486487;0.0;0.0;31.240075263860245;0.0;0.0;-0.0028542557
0.0;0.0;6.516516516516517;0.0;0.0;30.967377125512222;0.0;0.0;-0.0027949482
0.0;0.0;6.546546546546547;0.0;0.0;30.69798849000042;0.0;0.0;-0.0027370664
0.0;0.0;6.576576576576577;0.0;0.0;30.431858425627805;0.0;0.0;-0.0026805689
0.0;0.0;6.606606606606607;0.0;0.0;30.168936935332944;0.0;0.0;-0.0026254246
0.0;0.0;6.636636636636637;0.0;0.0;29.909174937150798;0.0;0.0;-0.0025715939
0.0;0.0;6.666666666666667;0.0;0.0;29.652524245121764;0.0;0.0;-0.0025190383
0.0;0.0;6.696696696696697;0.0;0.0;29.39893755063682;0.0;0.0;-0.0024677292
0.0;0.0;6.726726726726727;0.0;0.0;29.148368404208465;0.0;0.0;-0.0024176298
0.0;0.0;6.756756756756757;0.0;0.0;28.900771197658578;0.0;0.0;-0.0023687072
0.0;0.0;6.786786786786787;0.0;0.0;28.656101146711364;0.0;0.0;-0.002320935
0.0;0.0;6.816816816816817;0.0;0.0;28.41431427398284;0.0;0.0;-0.002274276
0.0;0.0;6.846846846846847;0.0;0.0;28.175367392356296;0.0;0.0;-0.0022287054
0.0;0.0;6.876876876876877;0.0;0.0;27.939218088735988;0.0;0.0;-0.0021841931
0.0;0.0;6.906906906906907;0.0;0.0;27.705824708168436;0.0;0.0;-0.0021407099
0.0;0.0;6.936936936936937;0.0;0.0;27.47514633832328;0.0;0.0;-0.0020982302
0.0;0.0;6.966966966966967;0.0;0.0;27.247142794324066;0.0;0.0;-0.0020567288
0.0;0.0;6.996996996996997;0.0;0.0;27.021774603922868;0.0;0.0;-0.0020161784
0.0;0.0;7.027027027027027;0.0;0.0;26.799002993007665;0.0;0.0;-0.0019765578
0.0;0.0;7.057057057057057;0.0;0.0;26.57878987143612;0.0;0.0;-0.0019378383
0.0;0.0;7.087087087087087;0.0;0.0;26.361097819187247;0.0;0.0;-0.0018999972
0.0;0.0;7.117117117117117;0.0;0.0;26.145890072824475;0.0;0.0;-0.0018630149
0.0;0.0;7.147147147147147;0.0;0.0;25.933130512260515;0.0;0.0;-0.0018268672
0.0;0.0;7.177177177177177;0.0;0.0;25.722783647819778;0.0;0.0;-0.0017915327
0.0;0.0;7.207207207207207;0.0;0.0;25.5148146075874;0.0;0.0;-0.001756991
0.0;0.0;7.237237237237237;0.0;0.0;25.309189125041893;0.0;0.0;-0.0017232217
0.0;0.0;7.267267267267267;0.0;0.0;25.10587352696172;0.0;0.0;-0.0016902077
0.0;0.0;7.297297297297297;0.0;0.0;24.904834721601564;0.0;0.0;-0.0016579273
0.0;0.0;7.327327327327327;0.0;0.0;24.706040187128682;0.0;0.0;-0.0016263616
0.0;0.0;7.357357357357357;0.0;0.0;24.50945796031757;0.0;0.0;-0.0015954922
0.0;0.0;7.387387387387387;0.0;0.0;24.3150566254926;0.0;0.0;-0.0015653061
0.0;0.0;7.4174174174174174;0.0;0.0;24.122805303714713;0.0;0.0;-0.0015357808
0.0;0.0;7.4474474474474475;0.0;0.0;23.932673642206755;0.0;0.0;-0.0015069016
0.0;0.0;7.4774774774774775;0.0;0.0;23.744631804010325;0.0;0.0;-0.0014786542
0.0;0.0;7.5075075075075075;0.0;0.0;23.558650457870204;0.0;0.0;-0.001451022
0.0;0.0;7.5375375375375375;0.0;0.0;23.37470076833922;0.0;0.0;-0.0014239891
0.0;0.0;7.5675675675675675;0.0;0.0;23.192754386100734;0.0;0.0;-0.001397542
0.0;0.0;7.597597597597598;0.0;0.0;23.01278343849999;0.0;0.0;-0.0013716655
0.0;0.0;7.627627627627628;0.0;0.0;22.834760520284192;0.0;0.0;-0.0013463443
0.0;0.0;7.657657657657658;0.0;0.0;22.658658684541564;0.0;0.0;-0.0013215663
0.0;0.0;7.687687687687688;0.0;0.0;22.48445143383768;0.0;0.0;-0.0012973191
0.0;0.0;7.717717717717718;0.0;0.0;22.312112711544746;0.0;0.0;-0.0012735865
0.0;0.0;7.747747747747748;0.0;0.0;22.14161689335527;0.0;0.0;-0.0012503615
0.0;0.0;7.777777777777778;0.0;0.0;21.97293877898226;0.0;0.0;-0.0012276259
0.0;0.0;7.807807807807808;0.0;0.0;21.806053584034796;0.0;0.0;-0.0012053732
0.0;0.0;7.837837837837838;0.0;0.0;21.640936932070474;0.0;0.0;-0.0011835883
0.0;0.0;7.867867867867868;0.0;0.0;21.477564846816612;0.0;0.0;-0.0011622606
0.0;0.0;7.897897897897898;0.0;0.0;21.315913744559044;0.0;0.0;-0.0011413798
0.0;0.0;7.927927927927928;0.0;0.0;21.155960426691966;0.0;0.0;-0.0011209338
0.0;0.0;7.957957957957958;0.0;0.0;20.997682072427867;0.0;0.0;-0.0011009148
0.0;0.0;7.987987987987988;0.0;0.0;20.84105623166145;0.0;0.0;-0.0010813111
0.0;0.0;8.018018018018019;0.0;0.0;20.686060817986018;0.0;0.0;-0.0010621134
0.0;0.0;8.048048048048049;0.0;0.0;20.532674101856724;0.0;0.0;-0.0010433124
0.0;0.0;8.078078078078079;0.0;0.0;20.380874703898186;0.0;0.0;-0.0010248992
0.0;0.0;8.108108108108109;0.0;0.0;20.23064158835492;0.0;0.0;-0.0010068608
0.0;0.0;8.138138138138139;0.0;0.0;20.08195405667762;0.0;0.0;-0.0009891949
0.0;0.0;8.168168168168169;0.0;0.0;19.93479174124505;0.0;0.0;-0.0009718869
0.0;0.0;8.198198198198199;0.0;0.0;19.789134599217412;0.0;0.0;-0.0009549326
0.0;0.0;8.228228228228229;0.0;0.0;19.644962906519133;0.0;0.0;-0.000938322
0.0;0.0;8.258258258258259;0.0;0.0;19.502257251945107;0.0;0.0;-0.0009220472
0.0;0.0;8.288288288288289;0.0;0.0;19.360998531391793;0.0;0.0;-0.0009061005
0.0;0.0;8.318318318318319;0.0;0.0;19.221167942207767;0.0;0.0;-0.0008904763
0.0;0.0;8.348348348348349;0.0;0.0;19.082746977660214;0.0;0.0;-0.0008751634
0.0;0.0;8.378378378378379;0.0;0.0;18.945717421518065;0.0;0.0;-0.0008601583
0.0;0.0;8.408408408408409;0.0;0.0;18.810061342744657;0.0;0.0;-0.0008454521
0.0;0.0;8.438438438438439;0.0;0.0;18.67576109030204;0.0;0.0;-0.0008310378
0.0;0.0;8.468468468468469;0.0;0.0;18.542799288060476;0.0;0.0;-0.0008169086
0.0;0.0;8.498498498498499;0.0;0.0;18.41115882981323;0.0;0.0;-0.0008030598
0.0;0.0;8.528528528528529;0.0;0.0;18.280822874393703;0.0;0.0;-0.0007894848
0.0;0.0;8.558558558558559;0.0;0.0;18.151774840891335;0.0;0.0;-0.0007761772
0.0;0.0;8.588588588588589;0.0;0.0;18.02399840396634;0.0;0.0;-0.0007631289
0.0;0.0;8.618618618618619;0.0;0.0;17.897477489258264;0.0;0.0;-0.0007503374
0.0;0.0;8.64864864864865;0.0;0.0;17.772196268890195;0.0;0.0;-0.000737795
0.0;0.0;8.67867867867868;0.0;0.0;17.6481391570611;0.0;0.0;-0.0007254956
0.0;0.0;8.70870870870871;0.0;0.0;17.525290805729707;0.0;0.0;-0.0007134353
0.0;0.0;8.73873873873874;0.0;0.0;17.403636100383856;0.0;0.0;-0.0007016084
0.0;0.0;8.76876876876877;0.0;0.0;17.283160155896887;0.0;0.0;-0.0006900112
0.0;0.0;8.7987987987988;0.0;0.0;17.163848312464925;0.0;0.0;-0.0006786345
0.0;0.0;8.82882882882883;0.0;0.0;17.045686131627306;0.0;0.0;-0.0006674784
0.0;0.0;8.85885885885886;0.0;0.0;16.928659392366654;0.0;0.0;-0.000656534
0.0;0.0;8.88888888888889;0.0;0.0;16.812754087285143;0.0;0.0;-0.0006457997
0.0;0.0;8.91891891891892;0.0;0.0;16.697956418859786;0.0;0.0;-0.0006352687
0.0;0.0;8.94894894894895;0.0;0.0;16.58425279576854;0.0;0.0;-0.0006249378
0.0;0.0;8.97897897897898;0.0;0.0;16.471629829292674;0.0;0.0;-0.0006148036
0.0;0.0;9.00900900900901;0.0;0.0;16.360074329788333;0.0;0.0;-0.0006048598
0.0;0.0;9.03903903903904;0.0;0.0;16.249573303228285;0.0;0.0;-0.0005951032
0.0;0.0;9.06906906906907;0.0;0.0;16.140113947812008;0.0;0.0;-0.0005855294
0.0;0.0;9.0990990990991;0.0;0.0;16.031683650642034;0.0;0.0;-0.0005761354
0.0;0.0;9.12912912912913;0.0;0.0;15.924269984466042;0.0;0.0;-0.0005669168
0.0;0.0;9.15915915915916;0.0;0.0;15.817860704482532;0.0;0.0;-0.0005578706
0.0;0.0;9.18918918918919;0.0;0.0;15.712443745208205;0.0;0.0;-0.0005489928
0.0;0.0;9.21921921921922;0.0;0.0;15.608007217407781;0.0;0.0;-0.0005402774
0.0;0.0;9.24924924924925;0.0;0.0;15.504539405082262;0.0;0.0;-0.0005317251
0.0;0.0;9.27927927927928;0.0;0.0;15.402028762516274;0.0;0.0;-0.0005233286
0.0;0.0;9.30930930930931;0.0;0.0;15.300463911382243;0.0;0.0;-0.0005150886
0.0;0.0;9.33933933933934;0.0;0.0;15.199833637901914;0.0;0.0;-0.0005069981
0.0;0.0;9.36936936936937;0.0;0.0;15.100126890059752;0.0;0.0;-0.0004990562
0.0;0.0;9.3993993993994;0.0;0.0;15.001332774872699;0.0;0.0;-0.0004912591
0.0;0.0;9.42942942942943;0.0;0.0;14.903440555711077;0.0;0.0;-0.0004836032
0.0;0.0;9.45945945945946;0.0;0.0;14.806439649671024;0.0;0.0;-0.0004760877
0.0;0.0;9.48948948948949;0.0;0.0;14.710319624997336;0.0;0.0;-0.0004687061
0.0;0.0;9.51951951951952;0.0;0.0;14.615070198554848;0.0;0.0;-0.0004614591
0.0;0.0;9.54954954954955;0.0;0.0;14.520681233349016;0.0;0.0;-0.0004543434
0.0;0.0;9.57957957957958;0.0;0.0;14.427142736092508;0.0;0.0;-0.000447354
0.0;0.0;9.60960960960961;0.0;0.0;14.334444854818377;0.0;0.0;-0.0004404903
0.0;0.0;9.63963963963964;0.0;0.0;14.242577876538753;0.0;0.0;-0.0004337492
0.0;0.0;9.66966966966967;0.0;0.0;14.151532224946703;0.0;0.0;-0.0004271286
0.0;0.0;9.6996996996997;0.0;0.0;14.061298458162437;0.0;0.0;-0.0004206255
0.0;0.0;9.72972972972973;0.0;0.0;13.971867266521103;0.0;0.0;-0.0004142379
0.0;0.0;9.75975975975976;0.0;0.0;13.883229470402757;0.0;0.0;-0.0004079629
0.0;0.0;9.78978978978979;0.0;0.0;13.795376018101654;0.0;0.0;-0.0004017986
0.0;0.0;9.81981981981982;0.0;0.0;13.708297983736626;0.0;0.0;-0.0003957435
0.0;0.0;9.84984984984985;0.0;0.0;13.621986565200414;0.0;0.0;-0.0003897931
0.0;0.0;9.87987987987988;0.0;0.0;13.536433082145445;0.0;0.0;-0.0003839487
0.0;0.0;9.90990990990991;0.0;0.0;13.45162897400871;0.0;0.0;-0.0003782047
0.0;0.0;9.93993993993994;0.0;0.0;13.367565798072832;0.0;0.0;-0.0003725621
0.0;0.0;9.96996996996997;0.0;0.0;13.284235227561899;0.0;0.0;-0.0003670169
0.0;0.0;10.0;0.0;0.0;13.201629049773919;0.0;0.0;-0.0003615689
0.0;0.0;10.03003003003003;0.0;0.0;13.119739164245987;0.0;0.0;-0.000356214
0.0;0.0;10.06006006006006;0.0;0.0;13.03855758095458;0.0;0.0;-0.000350951
0.0;0.0;10.09009009009009;0.0;0.0;12.95807641854818;0.0;0.0;-0.0003457798
0.0;0.0;10.12012012012012;0.0;0.0;12.878287902611298;0.0;0.0;-0.0003406964
0.0;0.0;10.15015015015015;0.0;0.0;12.799184363962127;0.0;0.0;-0.0003357008
0.0;0.0;10.18018018018018;0.0;0.0;12.720758236978847;0.0;0.0;-0.0003307893
0.0;0.0;10.21021021021021;0.0;0.0;12.64300205795839;0.0;0.0;-0.0003259631
0.0;0.0;10.24024024024024;0.0;0.0;12.56590846350348;0.0;0.0;-0.0003212185
0.0;0.0;10.27027027027027;0.0;0.0;12.489470188939276;0.0;0.0;-0.0003165531
0.0;0.0;10.3003003003003;0.0;0.0;12.413680066758726;0.0;0.0;-0.0003119682
0.0;0.0;10.33033033033033;0.0;0.0;12.338531025095959;0.0;0.0;-0.0003074602
0.0;0.0;10.36036036036036;0.0;0.0;12.264016086226276;0.0;0.0;-0.0003030279
0.0;0.0;10.39039039039039;0.0;0.0;12.190128365094253;0.0;0.0;-0.0002986691
0.0;0.0;10.42042042042042;0.0;0.0;12.116861067866948;0.0;0.0;-0.0002943852
0.0;0.0;10.45045045045045;0.0;0.0;12.044207490513807;0.0;0.0;-0.0002901715
0.0;0.0;10.48048048048048;0.0;0.0;11.972161017411409;0.0;0.0;-0.0002860281
0.0;0.0;10.51051051051051;0.0;0.0;11.900715119973047;0.0;0.0;-0.0002819541
0.0;0.0;10.54054054054054;0.0;0.0;11.829863355302603;0.0;0.0;-0.0002779474
0.0;0.0;10.57057057057057;0.0;0.0;11.759599364872047;0.0;0.0;-0.0002740069
0.0;0.0;10.6006006006006;0.0;0.0;11.689916873223225;0.0;0.0;-0.0002701318
0.0;0.0;10.63063063063063;0.0;0.0;11.62080968669061;0.0;0.0;-0.0002663211
0.0;0.0;10.66066066066066;0.0;0.0;11.552271692148445;0.0;0.0;-0.0002625716
0.0;0.0;10.69069069069069;0.0;0.0;11.484296855778744;0.0;0.0;-0.0002588848
0.0;0.0;10.72072072072072;0.0;0.0;11.41687922186112;0.0;0.0;-0.0002552574
0.0;0.0;10.75075075075075;0.0;0.0;11.350012911584104;0.0;0.0;-0.0002516899
0.0;0.0;10.78078078078078;0.0;0.0;11.283692121876129;0.0;0.0;-0.0002481803
0.0;0.0;10.81081081081081;0.0;0.0;11.217911124258036;0.0;0.0;-0.0002447277
0.0;0.0;10.84084084084084;0.0;0.0;11.152664263715124;0.0;0.0;-0.0002413314
0.0;0.0;10.87087087087087;0.0;0.0;11.087945957587765;0.0;0.0;-0.0002379895
0.0;0.0;10.9009009009009;0.0;0.0;11.023750694482946;0.0;0.0;-0.0002347012
0.0;0.0;10.93093093093093;0.0;0.0;10.960073033202999;0.0;0.0;-0.0002314669
0.0;0.0;10.96096096096096;0.0;0.0;10.896907601693592;0.0;0.0;-0.0002282837
0.0;0.0;10.99099099099099;0.0;0.0;10.834249096009373;0.0;0.0;-0.0002251519
0.0;0.0;11.02102102102102;0.0;0.0;10.772092279298;0.0;0.0;-0.0002220699
0.0;0.0;11.05105105105105;0.0;0.0;10.710431980800339;0.0;0.0;-0.0002190369
0.0;0.0;11.08108108108108;0.0;0.0;10.649263094868928;0.0;0.0;-0.0002160522
0.0;0.0;11.11111111111111;0.0;0.0;10.588580580002516;0.0;0.0;-0.0002131153
0.0;0.0;11.14114114114114;0.0;0.0;10.528379457896833;0.0;0.0;-0.0002102244
0.0;0.0;11.17117117117117;0.0;0.0;10.46865481251241;0.0;0.0;-0.0002073788
0.0;0.0;11.2012012012012;0.0;0.0;10.409401789156739;0.0;0.0;-0.0002045791
0.0;0.0;11.23123123123123;0.0;0.0;10.350615593583054;0.0;0.0;-0.0002018225
0.0;0.0;11.26126126126126;0.0;0.0;10.292291491103928;0.0;0.0;-0.0001991095
0.0;0.0;11.29129129129129;0.0;0.0;10.23442480571961;0.0;0.0;-0.0001964395
0.0;0.0;11.32132132132132;0.0;0.0;10.177010919261166;0.0;0.0;-0.00019381
0.0;0.0;11.35135135135135;0.0;0.0;10.120045270547784;0.0;0.0;-0.0001912223
0.0;0.0;11.381381381381381;0.0;0.0;10.063523354558976;0.0;0.0;-0.000188675
0.0;0.0;11.411411411411411;0.0;0.0;10.007440721618737;0.0;0.0;-0.0001861674
0.0;0.0;11.441441441441441;0.0;0.0;9.951792976595236;0.0;0.0;-0.0001836982
0.0;0.0;11.471471471471471;0.0;0.0;9.896575778112545;0.0;0.0;-0.0001812667
0.0;0.0;11.501501501501501;0.0;0.0;9.841784837776414;0.0;0.0;-0.0001788735
0.0;0.0;11.531531531531531;0.0;0.0;9.787415919411785;0.0;0.0;-0.000176516
0.0;0.0;11.561561561561561;0.0;0.0;9.733464838313322;0.0;0.0;-0.0001741959
0.0;0.0;11.591591591591591;0.0;0.0;9.67992746050878;0.0;0.0;-0.0001719107
0.0;0.0;11.621621621621621;0.0;0.0;9.626799702033567;0.0;0.0;-0.0001696608
0.0;0.0;11.651651651651651;0.0;0.0;9.574077528218012;0.0;0.0;-0.0001674449
0.0;0.0;11.681681681681681;0.0;0.0;9.521756952985667;0.0;0.0;-0.0001652625
0.0;0.0;11.711711711711711;0.0;0.0;9.469834038163901;0.0;0.0;-0.0001631141
0.0;0.0;11.741741741741741;0.0;0.0;9.418304892804038;0.0;0.0;-0.0001609974
0.0;0.0;11.771771771771771;0.0;0.0;9.36716567251493;0.0;0.0;-0.000158913
0.0;0.0;11.801801801801801;0.0;0.0;9.316412578805146;0.0;0.0;-0.0001568595
0.0;0.0;11.831831831831831;0.0;0.0;9.266041858437523;0.0;0.0;-0.0001548374
0.0;0.0;11.861861861861861;0.0;0.0;9.216049802792789;0.0;0.0;-0.0001528454
0.0;0.0;11.891891891891891;0.0;0.0;9.166432747244103;0.0;0.0;-0.0001508831
0.0;0.0;11.921921921921921;0.0;0.0;9.1171870705421;0.0;0.0;-0.0001489511
0.0;0.0;11.951951951951951;0.0;0.0;9.068309194208659;0.0;0.0;-0.0001470472
0.0;0.0;11.981981981981981;0.0;0.0;9.019795581941302;0.0;0.0;-0.0001451718
0.0;0.0;12.012012012012011;0.0;0.0;8.97164273902705;0.0;0.0;-0.0001433238
0.0;0.0;12.042042042042041;0.0;0.0;8.923847211765256;0.0;0.0;-0.0001415037
0.0;0.0;12.072072072072071;0.0;0.0;8.876405586899557;0.0;0.0;-0.0001397102
0.0;0.0;12.102102102102101;0.0;0.0;8.829314491060082;0.0;0.0;-0.000137943
0.0;0.0;12.132132132132131;0.0;0.0;8.782570590211726;0.0;0.0;-0.0001362027
0.0;0.0;12.162162162162161;0.0;0.0;8.73617058911523;0.0;0.0;-0.0001344872
0.0;0.0;12.192192192192191;0.0;0.0;8.690111230792905;0.0;0.0;-0.0001327971
0.0;0.0;12.222222222222221;0.0;0.0;8.644389296004912;0.0;0.0;-0.0001311319
0.0;0.0;12.252252252252251;0.0;0.0;8.59900160273295;0.0;0.0;-0.0001294906
0.0;0.0;12.282282282282281;0.0;0.0;8.553945005673556;0.0;0.0;-0.0001278738
0.0;0.0;12.312312312312311;0.0;0.0;8.50921639573685;0.0;0.0;-0.0001262802
0.0;0.0;12.342342342342342;0.0;0.0;8.464812699554681;0.0;0.0;-0.0001247095
0.0;0.0;12.372372372372372;0.0;0.0;8.42073087899683;0.0;0.0;-0.0001231616
0.0;0.0;12.402402402402402;0.0;0.0;8.376967930693638;0.0;0.0;-0.0001216361
0.0;0.0;12.432432432432432;0.0;0.0;8.333520885566712;0.0;0.0;-0.0001201327
0.0;0.0;12.462462462462462;0.0;0.0;8.290386808366943;0.0;0.0;-0.0001186512
0.0;0.0;12.492492492492492;0.0;0.0;8.247562797219151;0.0;0.0;-0.0001171904
0.0;0.0;12.522522522522522;0.0;0.0;8.205045983174166;0.0;0.0;-0.000115751
0.0;0.0;12.552552552552552;0.0;0.0;8.16283352976802;0.0;0.0;-0.0001143319
0.0;0.0;12.582582582582582;0.0;0.0;8.120922632587545;0.0;0.0;-0.0001129328
0.0;0.0;12.612612612612612;0.0;0.0;8.07931051884277;0.0;0.0;-0.0001115543
0.0;0.0;12.642642642642642;0.0;0.0;8.03799444694602;0.0;0.0;-0.0001101953
0.0;0.0;12.672672672672672;0.0;0.0;7.996971706097186;0.0;0.0;-0.0001088548
0.0;0.0;12.702702702702702;0.0;0.0;7.9562396158751865;0.0;0.0;-0.0001075341
0.0;0.0;12.732732732732732;0.0;0.0;7.915795525836798;0.0;0.0;-0.0001062316
0.0;0.0;12.762762762762762;0.0;0.0;7.875636815119869;0.0;0.0;-0.0001049476
0.0;0.0;12.792792792792792;0.0;0.0;7.8357608920535835;0.0;0.0;-0.000103682
0.0;0.0;12.822822822822824;0.0;0.0;7.79616519377518;0.0;0.0;-0.0001024338
0.0;0.0;12.852852852852854;0.0;0.0;7.756847185850829;0.0;0.0;-0.0001012028
0.0;0.0;12.882882882882884;0.0;0.0;7.7178043619036405;0.0;0.0;-9.99896e-05
0.0;0.0;12.912912912912914;0.0;0.0;7.679034243246919;0.0;0.0;-9.87931e-05
0.0;0.0;12.942942942942944;0.0;0.0;7.640534378522285;0.0;0.0;-9.76132e-05
0.0;0.0;12.972972972972974;0.0;0.0;7.602302343344439;0.0;0.0;-9.64496e-05
0.0;0.0;13.003003003003004;0.0;0.0;7.564335739950456;0.0;0.0;-9.53023e-05
0.0;0.0;13.033033033033034;0.0;0.0;7.526632196853531;0.0;0.0;-9.4171e-05
0.0;0.0;13.063063063063064;0.0;0.0;7.48918936850435;0.0;0.0;-9.30554e-05
0.0;0.0;13.093093093093094;0.0;0.0;7.452004934954873;0.0;0.0;-9.19555e-05
0.0;0.0;13.123123123123124;0.0;0.0;7.415076601527983;0.0;0.0;-9.08695e-05
0.0;0.0;13.153153153153154;0.0;0.0;7.378402098493205;0.0;0.0;-8.97996e-05
0.0;0.0;13.183183183183184;0.0;0.0;7.341979180745903;0.0;0.0;-8.8744e-05
0.0;0.0;13.213213213213214;0.0;0.0;7.30580562749119;0.0;0.0;-8.77025e-05
0.0;0.0;13.243243243243244;0.0;0.0;7.269879241933732;0.0;0.0;-8.66759e-05
0.0;0.0;13.273273273273274;0.0;0.0;7.234197850969791;0.0;0.0;-8.56623e-05
0.0;0.0;13.303303303303304;0.0;0.0;7.198759304887477;0.0;0.0;-8.46632e-05
0.0;0.0;13.333333333333334;0.0;0.0;7.163561477067215;0.0;0.0;-8.36776e-05
0.0;0.0;13.363363363363364;0.0;0.0;7.1286022636896895;0.0;0.0;-8.27053e-05
0.0;0.0;13.393393393393394;0.0;0.0;7.09387958344664;0.0;0.0;-8.17463e-05
0.0;0.0;13.423423423423424;0.0;0.0;7.059391377256291;0.0;0.0;-8.08004e-05
0.0;0.0;13.453453453453454;0.0;0.0;7.025135607982632;0.0;0.0;-7.98667e-05
0.0;0.0;13.483483483483484;0.0;0.0;6.991110260159401;0.0;0.0;-7.89457e-05
0.0;0.0;13.513513513513514;0.0;0.0;6.957313339717273;0.0;0.0;-7.80374e-05
0.0;0.0;13.543543543543544;0.0;0.0;6.923742873715066;0.0;0.0;-7.71409e-05
0.0;0.0;13.573573573573574;0.0;0.0;6.890396910076248;0.0;0.0;-7.6256e-05
0.0;0.0;13.603603603603604;0.0;0.0;6.857273517326999;0.0;0.0;-7.53834e-05
0.0;0.0;13.633633633633634;0.0;0.0;6.824370784339722;0.0;0.0;-7.45228e-05
0.0;0.0;13.663663663663664;0.0;0.0;6.791686820079516;0.0;0.0;-7.36728e-05
0.0;0.0;13.693693693693694;0.0;0.0;6.759219753354462;0.0;0.0;-7.28346e-05
0.0;0.0;13.723723723723724;0.0;0.0;6.7269677325698085;0.0;0.0;-7.20075e-05
0.0;0.0;13.753753753753754;0.0;0.0;6.694928925484833;0.0;0.0;-7.11912e-05
0.0;0.0;13.783783783783784;0.0;0.0;6.663101518974012;0.0;0.0;-7.03857e-05
0.0;0.0;13.813813813813814;0.0;0.0;6.631483718791107;0.0;0.0;-6.95908e-05
0.0;0.0;13.843843843843844;0.0;0.0;6.60007374933683;0.0;0.0;-6.88064e-05
0.0;0.0;13.873873873873874;0.0;0.0;6.568869853429925;0.0;0.0;-6.80325e-05
0.0;0.0;13.903903903903904;0.0;0.0;6.537870292080843;0.0;0.0;-6.72681e-05
0.0;0.0;13.933933933933934;0.0;0.0;6.507073344269253;0.0;0.0;-6.6514e-05
0.0;0.0;13.963963963963964;0.0;0.0;6.476477306724722;0.0;0.0;-6.57699e-05
0.0;0.0;13.993993993993994;0.0;0.0;6.44608049370966;0.0;0.0;-6.50358e-05
0.0;0.0;14.024024024024024;0.0;0.0;6.415881236807354;0.0;0.0;-6.43102e-05
0.0;0.0;14.054054054054054;0.0;0.0;6.385877884709152;0.0;0.0;-6.3595e-05
0.0;0.0;14.084084084084084;0.0;0.0;6.356068803009427;0.0;0.0;-6.28889e-05
0.0;0.0;14.114114114114114;0.0;0.0;6.326452373999399;0.0;0.0;-6.21916e-05
0.0;0.0;14.144144144144144;0.0;0.0;6.297026996466136;0.0;0.0;-6.15031e-05
0.0;0.0;14.174174174174174;0.0;0.0;6.267791085493439;0.0;0.0;-6.08239e-05
0.0;0.0;14.204204204204204;0.0;0.0;6.238743072265572;0.0;0.0;-6.01533e-05
0.0;0.0;14.234234234234235;0.0;0.0;6.209881403874097;0.0;0.0;-5.94913e-05
0.0;0.0;14.264264264264265;0.0;0.0;6.181204543126967;0.0;0.0;-5.88376e-05
0.0;0.0;14.294294294294295;0.0;0.0;6.152710968360385;0.0;0.0;-5.81923e-05
0.0;0.0;14.324324324324325;0.0;0.0;6.124399173253333;0.0;0.0;-5.75553e-05
0.0;0.0;14.354354354354355;0.0;0.0;6.096267666644662;0.0;0.0;-5.69263e-05
0.0;0.0;14.384384384384385;0.0;0.0;6.068314972352504;0.0;0.0;-5.63055e-05
0.0;0.0;14.414414414414415;0.0;0.0;6.040539628996302;0.0;0.0;-5.56926e-05
0.0;0.0;14.444444444444445;0.0;0.0;6.012940189821669;0.0;0.0;-5.50876e-05
0.0;0.0;14.474474474474475;0.0;0.0;5.985515222526447;0.0;0.0;-5.44897e-05
0.0;0.0;14.504504504504505;0.0;0.0;5.958263309090725;0.0;0.0;-5.38996e-05
0.0;0.0;14.534534534534535;0.0;0.0;5.931183045607981;0.0;0.0;-5.33172e-05
0.0;0.0;14.564564564564565;0.0;0.0;5.904273042118925;0.0;0.0;-5.27417e-05
0.0;0.0;14.594594594594595;0.0;0.0;5.877531922447797;0.0;0.0;-5.21737e-05
0.0;0.0;14.624624624624625;0.0;0.0;5.85095832404045;0.0;0.0;-5.16131e-05
0.0;0.0;14.654654654654655;0.0;0.0;5.824550897805103;0.0;0.0;-5.10592e-05
0.0;0.0;14.684684684684685;0.0;0.0;5.7983083079545885;0.0;0.0;-5.0512e-05
0.0;0.0;14.714714714714715;0.0;0.0;5.77222923185164;0.0;0.0;-4.99719e-05
0.0;0.0;14.744744744744745;0.0;0.0;5.74631235985537;0.0;0.0;-4.94378e-05
0.0;0.0;14.774774774774775;0.0;0.0;5.720556395170447;0.0;0.0;-4.89113e-05
0.0;0.0;14.804804804804805;0.0;0.0;5.694960053697675;0.0;0.0;-4.83906e-05
0.0;0.0;14.834834834834835;0.0;0.0;5.66952206388755;0.0;0.0;-4.78768e-05
0.0;0.0;14.864864864864865;0.0;0.0;5.64424116659445;0.0;0.0;-4.73693e-05
0.0;0.0;14.894894894894895;0.0;0.0;5.61911611493372;0.0;0.0;-4.68679e-05
0.0;0.0;14.924924924924925;0.0;0.0;5.594145674141021;0.0;0.0;-4.63732e-05
0.0;0.0;14.954954954954955;0.0;0.0;5.569328621431892;0.0;0.0;-4.5884e-05
0.0;0.0;14.984984984984985;0.0;0.0;5.544663745865056;0.0;0.0;-4.54008e-05
0.0;0.0;15.015015015015015;0.0;0.0;5.520149848206219;0.0;0.0;-4.49235e-05
0.0;0.0;15.045045045045045;0.0;0.0;5.495785740794636;0.0;0.0;-4.44521e-05
0.0;0.0;15.075075075075075;0.0;0.0;5.471570247410225;0.0;0.0;-4.39865e-05
0.0;0.0;15.105105105105105;0.0;0.0;5.447502203143734;0.0;0.0;-4.35266e-05
0.0;0.0;15.135135135135135;0.0;0.0;5.423580454268178;0.0;0.0;-4.30724e-05
0.0;0.0;15.165165165165165;0.0;0.0;5.399803858111331;0.0;0.0;-4.26239e-05
0.0;0.0;15.195195195195195;0.0;0.0;5.376171282930696;0.0;0.0;-4.21804e-05
0.0;0.0;15.225225225225225;0.0;0.0;5.352681607789462;0.0;0.0;-4.17424e-05
0.0;0.0;15.255255255255255;0.0;0.0;5.3293337224348685;0.0;0.0;-4.13098e-05
0.0;0.0;15.285285285285285;0.0;0.0;5.306126527177623;0.0;0.0;-4.08821e-05
0.0;0.0;15.315315315315315;0.0;0.0;5.28305893277267;0.0;0.0;-4.04598e-05
0.0;0.0;15.345345345345345;0.0;0.0;5.260129860301718;0.0;0.0;-4.00422e-05
0.0;0.0;15.375375375375375;0.0;0.0;5.237338241058392;0.0;0.0;-3.96299e-05
0.0;0.0;15.405405405405405;0.0;0.0;5.21468301643224;0.0;0.0;-3.92228e-05
0.0;0.0;15.435435435435435;0.0;0.0;5.192163137797285;0.0;0.0;-3.88202e-05
0.0;0.0;15.465465465465465;0.0;0.0;5.169777566399846;0.0;0.0;-3.84223e-05
0.0;0.0;15.495495495495495;0.0;0.0;5.1475252732487755;0.0;0.0;-3.80294e-05
0.0;0.0;15.525525525525525;0.0;0.0;5.125405239006623;0.0;0.0;-3.76415e-05
0.0;0.0;15.555555555555555;0.0;0.0;5.103416453883181;0.0;0.0;-3.72575e-05
0.0;0.0;15.585585585585585;0.0;0.0;5.08155791752841;0.0;0.0;-3.68784e-05
0.0;0.0;15.615615615615615;0.0;0.0;5.059828638928971;0.0;0.0;-3.65036e-05
0.0;0.0;15.645645645645645;0.0;0.0;5.038227636305447;0.0;0.0;-3.61337e-05
0.0;0.0;15.675675675675675;0.0;0.0;5.016753937008806;0.0;0.0;-3.5768e-05
0.0;0.0;15.705705705705705;0.0;0.0;4.995406577421874;0.0;0.0;-3.54059e-05
0.0;0.0;15.735735735735735;0.0;0.0;4.974184602858755;0.0;0.0;-3.50486e-05
0.0;0.0;15.765765765765765;0.0;0.0;4.95308706746744;0.0;0.0;-3.46959e-05
0.0;0.0;15.795795795795796;0.0;0.0;4.932113034133042;0.0;0.0;-3.43467e-05
0.0;0.0;15.825825825825826;0.0;0.0;4.911261574381678;0.0;0.0;-3.40016e-05
0.0;0.0;15.855855855855856;0.0;0.0;4.890531768287099;0.0;0.0;-3.3661e-05
0.0;0.0;15.885885885885886;0.0;0.0;4.86992270437697;0.0;0.0;-3.33239e-05
0.0;0.0;15.915915915915916;0.0;0.0;4.849433479541201;0.0;0.0;-3.29912e-05
0.0;0.0;15.945945945945946;0.0;0.0;4.829063198940202;0.0;0.0;-3.26619e-05
0.0;0.0;15.975975975975976;0.0;0.0;4.808810975916963;0.0;0.0;-3.23364e-05
0.0;0.0;16.006006006006007;0.0;0.0;4.788675931907075;0.0;0.0;-3.20152e-05
0.0;0.0;16.036036036036037;0.0;0.0;4.768657196351729;0.0;0.0;-3.16973e-05
0.0;0.0;16.066066066066067;0.0;0.0;4.748753906611343;0.0;0.0;-3.13831e-05
0.0;0.0;16.096096096096097;0.0;0.0;4.728965207880606;0.0;0.0;-3.10726e-05
0.0;0.0;16.126126126126128;0.0;0.0;4.709290253103804;0.0;0.0;-3.07653e-05
0.0;0.0;16.156156156156158;0.0;0.0;4.689728202891989;0.0;0.0;-3.04621e-05
0.0;0.0;16.186186186186188;0.0;0.0;4.670278225440489;0.0;0.0;-3.01621e-05
0.0;0.0;16.216216216216218;0.0;0.0;4.650939496448059;0.0;0.0;-2.98655e-05
0.0;0.0;16.246246246246248;0.0;0.0;4.631711199036794;0.0;0.0;-2.95721e-05
0.0;0.0;16.276276276276278;0.0;0.0;4.6125925236729755;0.0;0.0;-2.92826e-05
0.0;0.0;16.306306306306308;0.0;0.0;4.593582668088684;0.0;0.0;-2.89961e-05
0.0;0.0;16.336336336336338;0.0;0.0;4.574680837204692;0.0;0.0;-2.87125e-05
0.0;0.0;16.366366366366368;0.0;0.0;4.555886243054477;0.0;0.0;-2.84324e-05
0.0;0.0;16.396396396396398;0.0;0.0;4.537198104708534;0.0;0.0;-2.81556e-05
0.0;0.0;16.426426426426428;0.0;0.0;4.518615648200155;0.0;0.0;-2.78817e-05
0.0;0.0;16.456456456456458;0.0;0.0;4.500138106452068;0.0;0.0;-2.7611e-05
0.0;0.0;16.486486486486488;0.0;0.0;4.481764719203424;0.0;0.0;-2.73437e-05
0.0;0.0;16.516516516516518;0.0;0.0;4.463494732938975;0.0;0.0;-2.70791e-05
0.0;0.0;16.546546546546548;0.0;0.0;4.445327400816706;0.0;0.0;-2.68173e-05
0.0;0.0;16.576576576576578;0.0;0.0;4.427261982599548;0.0;0.0;-2.65587e-05
0.0;0.0;16.606606606606608;0.0;0.0;4.4092977445849915;0.0;0.0;-2.63028e-05
0.0;0.0;16.636636636636638;0.0;0.0;4.391433959537794;0.0;0.0;-2.605e-05
0.0;0.0;16.666666666666668;0.0;0.0;4.373669906621215;0.0;0.0;-2.57998e-05
0.0;0.0;16.696696696696698;0.0;0.0;4.3560048713317;0.0;0.0;-2.55523e-05
0.0;0.0;16.726726726726728;0.0;0.0;4.33843814543231;0.0;0.0;-2.53078e-05
0.0;0.0;16.756756756756758;0.0;0.0;4.320969026887621;0.0;0.0;-2.50659e-05
0.0;0.0;16.786786786786788;0.0;0.0;4.303596819799689;0.0;0.0;-2.4827e-05
0.0;0.0;16.816816816816818;0.0;0.0;4.286320834344513;0.0;0.0;-2.45906e-05
0.0;0.0;16.846846846846848;0.0;0.0;4.269140386708986;0.0;0.0;-2.43567e-05
0.0;0.0;16.876876876876878;0.0;0.0;4.252054799029261;0.0;0.0;-2.41253e-05
0.0;0.0;16.906906906906908;0.0;0.0;4.235063399329197;0.0;0.0;-2.38963e-05
0.0;0.0;16.936936936936938;0.0;0.0;4.218165521460062;0.0;0.0;-2.36702e-05
0.0;0.0;16.966966966966968;0.0;0.0;4.201360505040319;0.0;0.0;-2.34465e-05
0.0;0.0;16.996996996996998;0.0;0.0;4.1846476953971745;0.0;0.0;-2.32252e-05
0.0;0.0;17.027027027027028;0.0;0.0;4.168026443506992;0.0;0.0;-2.30063e-05
0.0;0.0;17.057057057057058;0.0;0.0;4.151496105939391;0.0;0.0;-2.27896e-05
0.0;0.0;17.087087087087088;0.0;0.0;4.135056044798082;0.0;0.0;-2.25758e-05
0.0;0.0;17.117117117117118;0.0;0.0;4.118705627666168;0.0;0.0;-2.23637e-05
0.0;0.0;17.147147147147148;0.0;0.0;4.102444227549595;0.0;0.0;-2.21544e-05
0.0;0.0;17.177177177177178;0.0;0.0;4.08627122282238;0.0;0.0;-2.19474e-05
0.0;0.0;17.207207207207208;0.0;0.0;4.070185997172045;0.0;0.0;-2.17421e-05
0.0;0.0;17.237237237237238;0.0;0.0;4.054187939545971;0.0;0.0;-2.15395e-05
0.0;0.0;17.26726726726727;0.0;0.0;4.038276444098037;0.0;0.0;-2.13391e-05
0.0;0.0;17.2972972972973;0.0;0.0;4.022450910136601;0.0;0.0;-2.11408e-05
0.0;0.0;17.32732732732733;0.0;0.0;4.006710742072265;0.0;0.0;-2.09443e-05
0.0;0.0;17.35735735735736;0.0;0.0;3.9910553493657863;0.0;0.0;-2.07503e-05
0.0;0.0;17.38738738738739;0.0;0.0;3.975484146479028;0.0;0.0;-2.05584e-05
0.0;0.0;17.41741741741742;0.0;0.0;3.9599965528237844;0.0;0.0;-2.03682e-05
0.0;0.0;17.44744744744745;0.0;0.0;3.9445919927118127;0.0;0.0;-2.01805e-05
0.0;0.0;17.47747747747748;0.0;0.0;3.929269895306984;0.0;0.0;-1.99945e-05
0.0;0.0;17.50750750750751;0.0;0.0;3.9140296945758752;0.0;0.0;-1.98105e-05
0.0;0.0;17.53753753753754;0.0;0.0;3.8988708292409844;0.0;0.0;-1.96285e-05
0.0;0.0;17.56756756756757;0.0;0.0;3.883792742732241;0.0;0.0;-1.94485e-05
0.0;0.0;17.5975975975976;0.0;0.0;3.868794883141068;0.0;0.0;-1.92705e-05
0.0;0.0;17.62762762762763;0.0;0.0;3.8538767031738708;0.0;0.0;-1.90944e-05
0.0;0.0;17.65765765765766;0.0;0.0;3.8390376601064533;0.0;0.0;-1.89199e-05
0.0;0.0;17.68768768768769;0.0;0.0;3.8242772157385696;0.0;0.0;-1.87474e-05
0.0;0.0;17.71771771771772;0.0;0.0;3.8095948363498904;0.0;0.0;-1.85767e-05
0.0;0.0;17.74774774774775;0.0;0.0;3.7949899926551227;0.0;0.0;-1.8408e-05
0.0;0.0;17.77777777777778;0.0;0.0;3.7804621597607544;0.0;0.0;-1.82407e-05
0.0;0.0;17.80780780780781;0.0;0.0;3.7660108171220106;0.0;0.0;-1.80753e-05
0.0;0.0;17.83783783783784;0.0;0.0;3.7516354484998096;0.0;0.0;-1.79118e-05
0.0;0.0;17.86786786786787;0.0;0.0;3.737335541918921;0.0;0.0;-1.77501e-05
0.0;0.0;17.8978978978979;0.0;0.0;3.7231105896267613;0.0;0.0;-1.75898e-05
0.0;0.0;17.92792792792793;0.0;0.0;3.7089600880504188;0.0;0.0;-1.74314e-05
0.0;0.0;17.95795795795796;0.0;0.0;3.6948835377582765;0.0;0.0;-1.72743e-05
0.0;0.0;17.98798798798799;0.0;0.0;3.680880443417604;0.0;0.0;-1.71194e-05
0.0;0.0;18.01801801801802;0.0;0.0;3.666950313756109;0.0;0.0;-1.69655e-05
0.0;0.0;18.04804804804805;0.0;0.0;3.6530926615217902;0.0;0.0;-1.68137e-05
0.0;0.0;18.07807807807808;0.0;0.0;3.639307003444277;0.0;0.0;-1.66633e-05
0.0;0.0;18.10810810810811;0.0;0.0;3.6255928601964507;0.0;0.0;-1.65146e-05
0.0;0.0;18.13813813813814;0.0;0.0;3.611949756356065;0.0;0.0;-1.63672e-05
0.0;0.0;18.16816816816817;0.0;0.0;3.598377220368005;0.0;0.0;-1.62215e-05
0.0;0.0;18.1981981981982;0.0;0.0;3.5848747845073197;0.0;0.0;-1.60771e-05
0.0;0.0;18.22822822822823;0.0;0.0;3.5714419848425427;0.0;0.0;-1.59343e-05
0.0;0.0;18.25825825825826;0.0;0.0;3.558078361198442;0.0;0.0;-1.57929e-05
0.0;0.0;18.28828828828829;0.0;0.0;3.544783457121104;0.0;0.0;-1.56531e-05
0.0;0.0;18.31831831831832;0.0;0.0;3.5315568198416076;0.0;0.0;-1.55148e-05
0.0;0.0;18.34834834834835;0.0;0.0;3.5183980002409645;0.0;0.0;-1.53775e-05
0.0;0.0;18.37837837837838;0.0;0.0;3.5053065528149228;0.0;0.0;-1.52421e-05
0.0;0.0;18.40840840840841;0.0;0.0;3.4922820356408173;0.0;0.0;-1.5108e-05
0.0;0.0;18.43843843843844;0.0;0.0;3.4793240103415948;0.0;0.0;-1.4975e-05
0.0;0.0;18.46846846846847;0.0;0.0;3.4664320420533716;0.0;0.0;-1.48436e-05
0.0;0.0;18.4984984984985;0.0;0.0;3.4536056993921456;0.0;0.0;-1.47134e-05
0.0;0.0;18.52852852852853;0.0;0.0;3.440844554420079;0.0;0.0;-1.45847e-05
0.0;0.0;18.55855855855856;0.0;0.0;3.428148182613626;0.0;0.0;-1.44572e-05
0.0;0.0;18.58858858858859;0.0;0.0;3.415516162830664;0.0;0.0;-1.43308e-05
0.0;0.0;18.61861861861862;0.0;0.0;3.4029480772791136;0.0;0.0;-1.42059e-05
0.0;0.0;18.64864864864865;0.0;0.0;3.390443511485416;0.0;0.0;-1.40822e-05
0.0;0.0;18.67867867867868;0.0;0.0;3.378002054262514;0.0;0.0;-1.39596e-05
0.0;0.0;18.70870870870871;0.0;0.0;3.3656232976801683;0.0;0.0;-1.38384e-05
0.0;0.0;18.73873873873874;0.0;0.0;3.3533068370333634;0.0;0.0;-1.37187e-05
0.0;0.0;18.76876876876877;0.0;0.0;3.341052270812905;0.0;0.0;-1.35998e-05
0.0;0.0;18.7987987987988;0.0;0.0;3.3288592006748865;0.0;0.0;-1.34822e-05
0.0;0.0;18.82882882882883;0.0;0.0;3.316727231412136;0.0;0.0;-1.33657e-05
0.0;0.0;18.85885885885886;0.0;0.0;3.30465597092361;0.0;0.0;-1.32507e-05
0.0;0.0;18.88888888888889;0.0;0.0;3.292645030186336;0.0;0.0;-1.31363e-05
0.0;0.0;18.91891891891892;0.0;0.0;3.280694023226928;0.0;0.0;-1.30237e-05
0.0;0.0;18.94894894894895;0.0;0.0;3.268802567093031;0.0;0.0;-1.29118e-05
0.0;0.0;18.97897897897898;0.0;0.0;3.2569702818249118;0.0;0.0;-1.28009e-05
0.0;0.0;19.00900900900901;0.0;0.0;3.245196790428596;0.0;0.0;-1.26913e-05
0.0;0.0;19.03903903903904;0.0;0.0;3.2334817188476705;0.0;0.0;-1.25828e-05
0.0;0.0;19.06906906906907;0.0;0.0;3.2218246959369186;0.0;0.0;-1.24755e-05
0.0;0.0;19.0990990990991;0.0;0.0;3.210225353434969;0.0;0.0;-1.2369e-05
0.0;0.0;19.12912912912913;0.0;0.0;3.1986833259377185;0.0;0.0;-1.22638e-05
0.0;0.0;19.15915915915916;0.0;0.0;3.187198250872677;0.0;0.0;-1.21595e-05
0.0;0.0;19.18918918918919;0.0;0.0;3.1757697684723194;0.0;0.0;-1.20562e-05
0.0;0.0;19.21921921921922;0.0;0.0;3.1643975217489277;0.0;0.0;-1.19538e-05
0.0;0.0;19.24924924924925;0.0;0.0;3.1530811564685064;0.0;0.0;-1.18527e-05
0.0;0.0;19.27927927927928;0.0;0.0;3.1418203211264006;0.0;0.0;-1.17523e-05
0.0;0.0;19.30930930930931;0.0;0.0;3.1306146669219928;0.0;0.0;-1.16531e-05
0.0;0.0;19.33933933933934;0.0;0.0;3.119463847733822;0.0;0.0;-1.15548e-05
0.0;0.0;19.36936936936937;0.0;0.0;3.1083675200961918;0.0;0.0;-1.14574e-05
0.0;0.0;19.3993993993994;0.0;0.0;3.0973253431737238;0.0;0.0;-1.13613e-05
0.0;0.0;19.42942942942943;0.0;0.0;3.0863369787382466;0.0;0.0;-1.12657e-05
0.0;0.0;19.45945945945946;0.0;0.0;3.0754020911454;0.0;0.0;-1.11714e-05
0.0;0.0;19.48948948948949;0.0;0.0;3.0645203473108893;0.0;0.0;-1.10776e-05
0.0;0.0;19.51951951951952;0.0;0.0;3.0536914166870868;0.0;0.0;-1.0985e-05
0.0;0.0;19.54954954954955;0.0;0.0;3.042914971241054;0.0;0.0;-1.08933e-05
0.0;0.0;19.57957957957958;0.0;0.0;3.0321906854310745;0.0;0.0;-1.08022e-05
0.0;0.0;19.60960960960961;0.0;0.0;3.0215182361843906;0.0;0.0;-1.07122e-05
0.0;0.0;19.63963963963964;0.0;0.0;3.010897302875504;0.0;0.0;-1.0623e-05
0.0;0.0;19.66966966966967;0.0;0.0;3.000327567303914;0.0;0.0;-1.05348e-05
0.0;0.0;19.6996996996997;0.0;0.0;2.9898087136719926;0.0;0.0;-1.04473e-05
0.0;0.0;19.72972972972973;0.0;0.0;2.979340428564277;0.0;0.0;-1.03607e-05
0.0;0.0;19.75975975975976;0.0;0.0;2.9689224009257704;0.0;0.0;-1.02751e-05
0.0;0.0;19.78978978978979;0.0;0.0;2.9585543220410213;0.0;0.0;-1.01901e-05
0.0;0.0;19.81981981981982;0.0;0.0;2.948235885513062;0.0;0.0;-1.0106e-05
0.0;0.0;19.84984984984985;0.0;0.0;2.93796678724291;0.0;0.0;-1.00226e-05
0.0;0.0;19.87987987987988;0.0;0.0;2.927746725409496;0.0;0.0;-9.94e-06
0.0;0.0;19.90990990990991;0.0;0.0;2.9175754004489565;0.0;0.0;-9.8585e-06
0.0;0.0;19.93993993993994;0.0;0.0;2.9074525150351227;0.0;0.0;-9.7775e-06
0.0;0.0;19.96996996996997;0.0;0.0;2.8973777740590982;0.0;0.0;-9.6972e-06
0.0;0.0;20.0;0.0;0.0;2.887350884610456;0.0;0.0;-9.6178e-06
0.0;0.0;20.03003003003003;0.0;0.0;2.8773715559573785;0.0;0.0;-9.5391e-06
0.0;0.0;20.06006006006006;0.0;0.0;2.8674394995272205;0.0;0.0;-9.4611e-06
0.0;0.0;20.09009009009009;0.0;0.0;2.8575544288884864;0.0;0.0;-9.3839e-06
0.0;0.0;20.12012012012012;0.0;0.0;2.8477160597309696;0.0;0.0;-9.3075e-06
0.0;0.0;20.15015015015015;0.0;0.0;2.8379241098477275;0.0;0.0;-9.2318e-06
0.0;0.0;20.18018018018018;0.0;0.0;2.8281782991164257;0.0;0.0;-9.1568e-06
0.0;0.0;20.21021021021021;0.0;0.0;2.818478349481453;0.0;0.0;-9.0825e-06
0.0;0.0;20.24024024024024;0.0;0.0;2.8088239849353336;0.0;0.0;-9.0087e-06
0.0;0.0;20.27027027027027;0.0;0.0;2.799214931501554;0.0;0.0;-8.9359e-06
0.0;0.0;20.3003003003003;0.0;0.0;2.7896509172160435;0.0;0.0;-8.8638e-06
0.0;0.0;20.33033033033033;0.0;0.0;2.780131672110634;0.0;0.0;-8.7922e-06
0.0;0.0;20.36036036036036;0.0;0.0;2.770656928194545;0.0;0.0;-8.7212e-06
0.0;0.0;20.39039039039039;0.0;0.0;2.7612264194387612;0.0;0.0;-8.6509e-06
0.0;0.0;20.42042042042042;0.0;0.0;2.751839881757092;0.0;0.0;-8.5813e-06
0.0;0.0;20.45045045045045;0.0;0.0;2.74249705299147;0.0;0.0;-8.5124e-06
0.0;0.0;20.48048048048048;0.0;0.0;2.7331976728936445;0.0;0.0;-8.4442e-06
0.0;0.0;20.51051051051051;0.0;0.0;2.7239414831097735;0.0;0.0;-8.3764e-06
0.0;0.0;20.54054054054054;0.0;0.0;2.7147282271632496;0.0;0.0;-8.3095e-06
0.0;0.0;20.57057057057057;0.0;0.0;2.705557650439291;0.0;0.0;-8.243e-06
0.0;0.0;20.6006006006006;0.0;0.0;2.6964295001685454;0.0;0.0;-8.1772e-06
0.0;0.0;20.63063063063063;0.0;0.0;2.6873435254111846;0.0;0.0;-8.112e-06
0.0;0.0;20.66066066066066;0.0;0.0;2.678299477041711;0.0;0.0;-8.0475e-06
0.0;0.0;20.69069069069069;0.0;0.0;2.669297107732913;0.0;0.0;-7.9836e-06
0.0;0.0;20.72072072072072;0.0;0.0;2.660336171940527;0.0;0.0;-7.9201e-06
0.0;0.0;20.75075075075075;0.0;0.0;2.6514164258883244;0.0;0.0;-7.8572e-06
0.0;0.0;20.78078078078078;0.0;0.0;2.642537627553127;0.0;0.0;-7.795e-06
0.0;0.0;20.81081081081081;0.0;0.0;2.633699536649542;0.0;0.0;-7.7333e-06
0.0;0.0;20.84084084084084;0.0;0.0;2.624901914615118;0.0;0.0;-7.6723e-06
0.0;0.0;20.87087087087087;0.0;0.0;2.616144524595856;0.0;0.0;-7.6117e-06
0.0;0.0;20.9009009009009;0.0;0.0;2.6074271314325688;0.0;0.0;-7.5519e-06
0.0;0.0;20.93093093093093;0.0;0.0;2.598749501644554;0.0;0.0;-7.4925e-06
0.0;0.0;20.96096096096096;0.0;0.0;2.5901114034177906;0.0;0.0;-7.4334e-06
0.0;0.0;20.99099099099099;0.0;0.0;2.581512606588753;0.0;0.0;-7.3751e-06
0.0;0.0;21.02102102102102;0.0;0.0;2.5729528826320434;0.0;0.0;-7.3172e-06
0.0;0.0;21.05105105105105;0.0;0.0;2.564432004645759;0.0;0.0;-7.2599e-06
0.0;0.0;21.08108108108108;0.0;0.0;2.555949747337925;0.0;0.0;-7.2032e-06
0.0;0.0;21.11111111111111;0.0;0.0;2.5475058870132035;0.0;0.0;-7.1468e-06
0.0;0.0;21.14114114114114;0.0;0.0;2.5391002015596786;0.0;0.0;-7.0912e-06
0.0;0.0;21.17117117117117;0.0;0.0;2.5307324704347915;0.0;0.0;-7.0359e-06
0.0;0.0;21.2012012012012;0.0;0.0;2.5224024746533233;0.0;0.0;-6.981e-06
0.0;0.0;21.23123123123123;0.0;0.0;2.5141099967732607;0.0;0.0;-6.9269e-06
0.0;0.0;21.26126126126126;0.0;0.0;2.505854820883921;0.0;0.0;-6.8731e-06
0.0;0.0;21.29129129129129;0.0;0.0;2.497636732592525;0.0;0.0;-6.8198e-06
0.0;0.0;21.32132132132132;0.0;0.0;2.489455519011612;0.0;0.0;-6.7668e-06
0.0;0.0;21.35135135135135;0.0;0.0;2.4813109687469592;0.0;0.0;-6.7147e-06
0.0;0.0;21.38138138138138;0.0;0.0;2.4732028718849968;0.0;0.0;-6.6626e-06
0.0;0.0;21.41141141141141;0.0;0.0;2.465131019980086;0.0;0.0;-6.6112e-06
0.0;0.0;21.44144144144144;0.0;0.0;2.457095206042931;0.0;0.0;-6.5602e-06
0.0;0.0;21.47147147147147;0.0;0.0;2.4490952245286297;0.0;0.0;-6.5097e-06
0.0;0.0;21.5015015015015;0.0;0.0;2.4411308713239546;0.0;0.0;-6.4597e-06
0.0;0.0;21.53153153153153;0.0;0.0;2.43320194373668;0.0;0.0;-6.4103e-06
0.0;0.0;21.56156156156156;0.0;0.0;2.425308240482504;0.0;0.0;-6.3611e-06
0.0;0.0;21.59159159159159;0.0;0.0;2.417449561674733;0.0;0.0;-6.3122e-06
0.0;0.0;21.62162162162162;0.0;0.0;2.4096257088122632;0.0;0.0;-6.2641e-06
0.0;0.0;21.65165165165165;0.0;0.0;2.4018364847682028;0.0;0.0;-6.2162e-06
0.0;0.0;21.68168168168168;0.0;0.0;2.3940816937784213;0.0;0.0;-6.1686e-06
0.0;0.0;21.71171171171171;0.0;0.0;2.3863611414310197;0.0;0.0;-6.1217e-06
0.0;0.0;21.74174174174174;0.0;0.0;2.378674634654596;0.0;0.0;-6.0751e-06
0.0;0.0;21.77177177177177;0.0;0.0;2.371021981707785;0.0;0.0;-6.0288e-06
0.0;0.0;21.8018018018018;0.0;0.0;2.363402992168164;0.0;0.0;-5.983e-06
0.0;0.0;21.83183183183183;0.0;0.0;2.355817476921505;0.0;0.0;-5.9376e-06
0.0;0.0;21.86186186186186;0.0;0.0;2.3482652481512494;0.0;0.0;-5.8927e-06
0.0;0.0;21.89189189189189;0.0;0.0;2.3407461193281125;0.0;0.0;-5.8481e-06
0.0;0.0;21.92192192192192;0.0;0.0;2.3332599051992737;0.0;0.0;-5.804e-06
0.0;0.0;21.95195195195195;0.0;0.0;2.325806421778338;0.0;0.0;-5.7601e-06
0.0;0.0;21.98198198198198;0.0;0.0;2.3183854863349476;0.0;0.0;-5.7167e-06
0.0;0.0;22.01201201201201;0.0;0.0;2.3109969173846725;0.0;0.0;-5.6735e-06
0.0;0.0;22.04204204204204;0.0;0.0;2.303640534679048;0.0;0.0;-5.6308e-06
0.0;0.0;22.07207207207207;0.0;0.0;2.296316159195464;0.0;0.0;-5.5885e-06
0.0;0.0;22.1021021021021;0.0;0.0;2.289023613127415;0.0;0.0;-5.5465e-06
0.0;0.0;22.13213213213213;0.0;0.0;2.28176271987446;0.0;0.0;-5.505e-06
0.0;0.0;22.16216216216216;0.0;0.0;2.2745333040331794;0.0;0.0;-5.4639e-06
0.0;0.0;22.19219219219219;0.0;0.0;2.26733519138657;0.0;0.0;-5.423e-06
0.0;0.0;22.22222222222222;0.0;0.0;2.2601682088958466;0.0;0.0;-5.3824e-06
0.0;0.0;22.25225225225225;0.0;0.0;2.2530321846897015;0.0;0.0;-5.3424e-06
0.0;0.0;22.28228228228228;0.0;0.0;2.245926948056032;0.0;0.0;-5.3024e-06
0.0;0.0;22.31231231231231;0.0;0.0;2.238852329431764;0.0;0.0;-5.2631e-06
0.0;0.0;22.34234234234234;0.0;0.0;2.2318081603947237;0.0;0.0;-5.224e-06
0.0;0.0;22.37237237237237;0.0;0.0;2.2247942736533894;0.0;0.0;-5.1851e-06
0.0;0.0;22.4024024024024;0.0;0.0;2.217810503039187;0.0;0.0;-5.1467e-06
0.0;0.0;22.43243243243243;0.0;0.0;2.2108566834963117;0.0;0.0;-5.1086e-06
0.0;0.0;22.46246246246246;0.0;0.0;2.2039326510741675;0.0;0.0;-5.0708e-06
0.0;0.0;22.49249249249249;0.0;0.0;2.197038242917117;0.0;0.0;-5.0332e-06
0.0;0.0;22.52252252252252;0.0;0.0;2.1901732972576253;0.0;0.0;-4.996e-06
0.0;0.0;22.55255255255255;0.0;0.0;2.1833376534060127;0.0;0.0;-4.9592e-06
0.0;0.0;22.58258258258258;0.0;0.0;2.1765311517427497;0.0;0.0;-4.9227e-06
0.0;0.0;22.61261261261261;0.0;0.0;2.1697536337100467;0.0;0.0;-4.8865e-06
0.0;0.0;22.64264264264264;0.0;0.0;2.163004941803656;0.0;0.0;-4.8505e-06
0.0;0.0;22.67267267267267;0.0;0.0;2.1562849195637517;0.0;0.0;-4.815e-06
0.0;0.0;22.7027027027027;0.0;0.0;2.1495934115675825;0.0;0.0;-4.7796e-06
0.0;0.0;22.73273273273273;0.0;0.0;2.142930263421129;0.0;0.0;-4.7447e-06
0.0;0.0;22.762762762762762;0.0;0.0;2.1362953217507643;0.0;0.0;-4.7101e-06
0.0;0.0;22.792792792792792;0.0;0.0;2.1296884341955504;0.0;0.0;-4.6755e-06
0.0;0.0;22.822822822822822;0.0;0.0;2.1231094493994633;0.0;0.0;-4.6415e-06
0.0;0.0;22.852852852852852;0.0;0.0;2.116558217003053;0.0;0.0;-4.6077e-06
0.0;0.0;22.882882882882882;0.0;0.0;2.1100345876360915;0.0;0.0;-4.5741e-06
0.0;0.0;22.912912912912912;0.0;0.0;2.10353841290973;0.0;0.0;-4.5409e-06
0.0;0.0;22.942942942942942;0.0;0.0;2.097069545409005;0.0;0.0;-4.5079e-06
0.0;0.0;22.972972972972972;0.0;0.0;2.090627838685205;0.0;0.0;-4.4752e-06
0.0;0.0;23.003003003003002;0.0;0.0;2.0842131472478145;0.0;0.0;-4.4427e-06
0.0;0.0;23.033033033033032;0.0;0.0;2.077825326558293;0.0;0.0;-4.4106e-06
0.0;0.0;23.063063063063062;0.0;0.0;2.071464233021736;0.0;0.0;-4.3787e-06
0.0;0.0;23.093093093093092;0.0;0.0;2.0651297239800863;0.0;0.0;-4.3471e-06
0.0;0.0;23.123123123123122;0.0;0.0;2.0588216577042244;0.0;0.0;-4.3157e-06
0.0;0.0;23.153153153153152;0.0;0.0;2.052539893387955;0.0;0.0;-4.2847e-06
0.0;0.0;23.183183183183182;0.0;0.0;2.0462842911395276;0.0;0.0;-4.2538e-06
0.0;0.0;23.213213213213212;0.0;0.0;2.040054711976053;0.0;0.0;-4.2231e-06
0.0;0.0;23.243243243243242;0.0;0.0;2.033851017815164;0.0;0.0;-4.1928e-06
0.0;0.0;23.273273273273272;0.0;0.0;2.027673071469076;0.0;0.0;-4.1628e-06
0.0;0.0;23.303303303303302;0.0;0.0;2.02152073663731;0.0;0.0;-4.133e-06
0.0;0.0;23.333333333333332;0.0;0.0;2.0153938778999043;0.0;0.0;-4.1033e-06
0.0;0.0;23.363363363363362;0.0;0.0;2.0092923607109854;0.0;0.0;-4.074e-06
0.0;0.0;23.393393393393392;0.0;0.0;2.0032160513916284;0.0;0.0;-4.0449e-06
0.0;0.0;23.423423423423422;0.0;0.0;1.9971648171234944;0.0;0.0;-4.0161e-06
0.0;0.0;23.453453453453452;0.0;0.0;1.9911385259424728;0.0;0.0;-3.9875e-06
0.0;0.0;23.483483483483482;0.0;0.0;1.9851370467319633;0.0;0.0;-3.9592e-06
0.0;0.0;23.513513513513512;0.0;0.0;1.9791602492162343;0.0;0.0;-3.931e-06
0.0;0.0;23.543543543543542;0.0;0.0;1.9732080039545554;0.0;0.0;-3.903e-06
0.0;0.0;23.573573573573572;0.0;0.0;1.9672801823343427;0.0;0.0;-3.8753e-06
0.0;0.0;23.603603603603602;0.0;0.0;1.9613766565653614;0.0;0.0;-3.8478e-06
0.0;0.0;23.633633633633632;0.0;0.0;1.9554972996730837;0.0;0.0;-3.8207e-06
0.0;0.0;23.663663663663662;0.0;0.0;1.9496419854927505;0.0;0.0;-3.7936e-06
0.0;0.0;23.693693693693692;0.0;0.0;1.9438105886634354;0.0;0.0;-3.7669e-06
0.0;0.0;23.723723723723722;0.0;0.0;1.9380029846215414;0.0;0.0;-3.7403e-06
0.0;0.0;23.753753753753752;0.0;0.0;1.9322190495951468;0.0;0.0;-3.7139e-06
0.0;0.0;23.783783783783782;0.0;0.0;1.9264586605979273;0.0;0.0;-3.6878e-06
0.0;0.0;23.813813813813812;0.0;0.0;1.9207216954233595;0.0;0.0;-3.6619e-06
0.0;0.0;23.843843843843842;0.0;0.0;1.9150080326389258;0.0;0.0;-3.6362e-06
0.0;0.0;23.873873873873872;0.0;0.0;1.9093175515796827;0.0;0.0;-3.6107e-06
0.0;0.0;23.903903903903903;0.0;0.0;1.9036501323436663;0.0;0.0;-3.5853e-06
0.0;0.0;23.933933933933933;0.0;0.0;1.8980056557852483;0.0;0.0;-3.5603e-06
0.0;0.0;23.963963963963963;0.0;0.0;1.8923840035096238;0.0;0.0;-3.5354e-06
0.0;0.0;23.993993993993993;0.0;0.0;1.886785057867792;0.0;0.0;-3.5107e-06
0.0;0.0;24.024024024024023;0.0;0.0;1.8812087019501262;0.0;0.0;-3.4863e-06
0.0;0.0;24.054054054054053;0.0;0.0;1.875654819581989;0.0;0.0;-3.4619e-06
0.0;0.0;24.084084084084083;0.0;0.0;1.8701232953169502;0.0;0.0;-3.4378e-06
0.0;0.0;24.114114114114113;0.0;0.0;1.864614014432402;0.0;0.0;-3.4139e-06
0.0;0.0;24.144144144144143;0.0;0.0;1.8591268629241182;0.0;0.0;-3.3903e-06
0.0;0.0;24.174174174174173;0.0;0.0;1.8536617274998932;0.0;0.0;-3.3666e-06
0.0;0.0;24.204204204204203;0.0;0.0;1.8482184955759366;0.0;0.0;-3.3434e-06
0.0;0.0;24.234234234234233;0.0;0.0;1.8427970552703712;0.0;0.0;-3.3202e-06
0.0;0.0;24.264264264264263;0.0;0.0;1.837397295398073;0.0;0.0;-3.2972e-06
0.0;0.0;24.294294294294293;0.0;0.0;1.8320191054667139;0.0;0.0;-3.2746e-06
0.0;0.0;24.324324324324323;0.0;0.0;1.8266623756702587;0.0;0.0;-3.2518e-06
0.0;0.0;24.354354354354353;0.0;0.0;1.8213269968845827;0.0;0.0;-3.2294e-06
0.0;0.0;24.384384384384383;0.0;0.0;1.816012860662808;0.0;0.0;-3.2073e-06
0.0;0.0;24.414414414414413;0.0;0.0;1.8107198592292948;0.0;0.0;-3.1852e-06
0.0;0.0;24.444444444444443;0.0;0.0;1.8054478854759664;0.0;0.0;-3.1633e-06
0.0;0.0;24.474474474474473;0.0;0.0;1.800196832956301;0.0;0.0;-3.1415e-06
0.0;0.0;24.504504504504503;0.0;0.0;1.794966595881799;0.0;0.0;-3.12e-06
0.0;0.0;24.534534534534533;0.0;0.0;1.7897570691152676;0.0;0.0;-3.0986e-06
0.0;0.0;24.564564564564563;0.0;0.0;1.7845681481681346;0.0;0.0;-3.0775e-06
0.0;0.0;24.594594594594593;0.0;0.0;1.7793997291943706;0.0;0.0;-3.0565e-06
0.0;0.0;24.624624624624623;0.0;0.0;1.7742517089861076;0.0;0.0;-3.0356e-06
0.0;0.0;24.654654654654653;0.0;0.0;1.7691239849696088;0.0;0.0;-3.0149e-06
0.0;0.0;24.684684684684683;0.0;0.0;1.7640164551998267;0.0;0.0;-2.9944e-06
0.0;0.0;24.714714714714713;0.0;0.0;1.7589290183562347;0.0;0.0;-2.974e-06
0.0;0.0;24.744744744744743;0.0;0.0;1.7538615737381595;0.0;0.0;-2.9537e-06
0.0;0.0;24.774774774774773;0.0;0.0;1.748814021260543;0.0;0.0;-2.9336e-06
0.0;0.0;24.804804804804803;0.0;0.0;1.7437862614495583;0.0;0.0;-2.9139e-06
0.0;0.0;24.834834834834833;0.0;0.0;1.7387781954375923;0.0;0.0;-2.894e-06
0.0;0.0;24.864864864864863;0.0;0.0;1.7337897249594292;0.0;0.0;-2.8744e-06
0.0;0.0;24.894894894894893;0.0;0.0;1.7288207523479389;0.0;0.0;-2.855e-06
0.0;0.0;24.924924924924923;0.0;0.0;1.7238711805292;0.0;0.0;-2.8358e-06
0.0;0.0;24.954954954954953;0.0;0.0;1.718940913019036;0.0;0.0;-2.8167e-06
0.0;0.0;24.984984984984983;0.0;0.0;1.7140298539181402;0.0;0.0;-2.7976e-06
0.0;0.0;25.015015015015013;0.0;0.0;1.7091379079082571;0.0;0.0;-2.7789e-06
0.0;0.0;25.045045045045043;0.0;0.0;1.70426498024766;0.0;0.0;-2.7601e-06
0.0;0.0;25.075075075075073;0.0;0.0;1.6994109767674752;0.0;0.0;-2.7415e-06
0.0;0.0;25.105105105105103;0.0;0.0;1.69457580386723;0.0;0.0;-2.7232e-06
0.0;0.0;25.135135135135133;0.0;0.0;1.6897593685111056;0.0;0.0;-2.705e-06
0.0;0.0;25.165165165165163;0.0;0.0;1.6849615782234144;0.0;0.0;-2.6868e-06
0.0;0.0;25.195195195195193;0.0;0.0;1.680182341085349;0.0;0.0;-2.6688e-06
0.0;0.0;25.225225225225223;0.0;0.0;1.6754215657298919;0.0;0.0;-2.651e-06
0.0;0.0;25.255255255255253;0.0;0.0;1.670679161339556;0.0;0.0;-2.6333e-06
0.0;0.0;25.285285285285283;0.0;0.0;1.6659550376410817;0.0;0.0;-2.6157e-06
0.0;0.0;25.315315315315313;0.0;0.0;1.66124910490155;0.0;0.0;-2.5984e-06
0.0;0.0;25.345345345345343;0.0;0.0;1.656561273925769;0.0;0.0;-2.5809e-06
0.0;0.0;25.375375375375373;0.0;0.0;1.651891456051606;0.0;0.0;-2.5639e-06
0.0;0.0;25.405405405405403;0.0;0.0;1.64723956314575;0.0;0.0;-2.5468e-06
0.0;0.0;25.435435435435434;0.0;0.0;1.6426055076013064;0.0;0.0;-2.5299e-06
0.0;0.0;25.465465465465464;0.0;0.0;1.6379892023329916;0.0;0.0;-2.5132e-06
0.0;0.0;25.495495495495494;0.0;0.0;1.633390560773882;0.0;0.0;-2.4965e-06
0.0;0.0;25.525525525525524;0.0;0.0;1.6288094968718796;0.0;0.0;-2.48e-06
0.0;0.0;25.555555555555554;0.0;0.0;1.624245925085542;0.0;0.0;-2.4637e-06
0.0;0.0;25.585585585585584;0.0;0.0;1.6196997603811147;0.0;0.0;-2.4474e-06
0.0;0.0;25.615615615615614;0.0;0.0;1.6151709182289247;0.0;0.0;-2.4312e-06
0.0;0.0;25.645645645645647;0.0;0.0;1.6106593145992123;0.0;0.0;-2.4152e-06
0.0;0.0;25.675675675675677;0.0;0.0;1.6061648659593737;0.0;0.0;-2.3993e-06
0.0;0.0;25.705705705705707;0.0;0.0;1.6016874892702146;0.0;0.0;-2.3835e-06
0.0;0.0;25.735735735735737;0.0;0.0;1.597227101982418;0.0;0.0;-2.3679e-06
0.0;0.0;25.765765765765767;0.0;0.0;1.5927836220332903;0.0;0.0;-2.3524e-06
0.0;0.0;25.795795795795797;0.0;0.0;1.5883569678428058;0.0;0.0;-2.3369e-06
0.0;0.0;25.825825825825827;0.0;0.0;1.5839470583113437;0.0;0.0;-2.3216e-06
0.0;0.0;25.855855855855857;0.0;0.0;1.5795538128154472;0.0;0.0;-2.3065e-06
0.0;0.0;25.885885885885887;0.0;0.0;1.5751771512047144;0.0;0.0;-2.2914e-06
0.0;0.0;25.915915915915917;0.0;0.0;1.570816993798829;0.0;0.0;-2.2764e-06
0.0;0.0;25.945945945945947;0.0;0.0;1.5664732613838153;0.0;0.0;-2.2615e-06
0.0;0.0;25.975975975975977;0.0;0.0;1.5621458752090684;0.0;0.0;-2.2468e-06
0.0;0.0;26.006006006006007;0.0;0.0;1.5578347569843163;0.0;0.0;-2.2322e-06
0.0;0.0;26.036036036036037;0.0;0.0;1.5535398288762259;0.0;0.0;-2.2177e-06
0.0;0.0;26.066066066066067;0.0;0.0;1.5492610135053655;0.0;0.0;-2.2034e-06
0.0;0.0;26.096096096096097;0.0;0.0;1.5449982339425987;0.0;0.0;-2.189e-06
0.0;0.0;26.126126126126128;0.0;0.0;1.5407514137068943;0.0;0.0;-2.1748e-06
0.0;0.0;26.156156156156158;0.0;0.0;1.5365204767616498;0.0;0.0;-2.1608e-06
0.0;0.0;26.186186186186188;0.0;0.0;1.5323053475113713;0.0;0.0;-2.1468e-06
0.0;0.0;26.216216216216218;0.0;0.0;1.5281059507992687;0.0;0.0;-2.1329e-06
0.0;0.0;26.246246246246248;0.0;0.0;1.5239222119044296;0.0;0.0;-2.1192e-06
0.0;0.0;26.276276276276278;0.0;0.0;1.5197540565372247;0.0;0.0;-2.1055e-06
0.0;0.0;26.306306306306308;0.0;0.0;1.5156014108388134;0.0;0.0;-2.092e-06
0.0;0.0;26.336336336336338;0.0;0.0;1.5114642013759836;0.0;0.0;-2.0784e-06
0.0;0.0;26.366366366366368;0.0;0.0;1.5073423551397387;0.0;0.0;-2.0651e-06
0.0;0.0;26.396396396396398;0.0;0.0;1.503235799541481;0.0;0.0;-2.0518e-06
0.0;0.0;26.426426426426428;0.0;0.0;1.4991444624107488;0.0;0.0;-2.0387e-06
0.0;0.0;26.456456456456458;0.0;0.0;1.495068271991826;0.0;0.0;-2.0257e-06
0.0;0.0;26.486486486486488;0.0;0.0;1.491007156941832;0.0;0.0;-2.0126e-06
0.0;0.0;26.516516516516518;0.0;0.0;1.4869610463265515;0.0;0.0;-1.9998e-06
0.0;0.0;26.546546546546548;0.0;0.0;1.4829298696189517;0.0;0.0;-1.987e-06
0.0;0.0;26.576576576576578;0.0;0.0;1.478913556695718;0.0;0.0;-1.9743e-06
0.0;0.0;26.606606606606608;0.0;0.0;1.4749120378344973;0.0;0.0;-1.9618e-06
0.0;0.0;26.636636636636638;0.0;0.0;1.4709252437121323;0.0;0.0;-1.9493e-06
0.0;0.0;26.666666666666668;0.0;0.0;1.4669531054002778;0.0;0.0;-1.9368e-06
0.0;0.0;26.696696696696698;0.0;0.0;1.4629955543644122;0.0;0.0;-1.9244e-06
0.0;0.0;26.726726726726728;0.0;0.0;1.4590525224599498;0.0;0.0;-1.9122e-06
0.0;0.0;26.756756756756758;0.0;0.0;1.4551239419303328;0.0;0.0;-1.9001e-06
0.0;0.0;26.786786786786788;0.0;0.0;1.4512097454043453;0.0;0.0;-1.888e-06
0.0;0.0;26.816816816816818;0.0;0.0;1.4473098658932149;0.0;0.0;-1.8761e-06
0.0;0.0;26.846846846846848;0.0;0.0;1.4434242367882817;0.0;0.0;-1.8642e-06
0.0;0.0;26.876876876876878;0.0;0.0;1.4395527918583106;0.0;0.0;-1.8524e-06
0.0;0.0;26.906906906906908;0.0;0.0;1.4356954652473728;0.0;0.0;-1.8407e-06
0.0;0.0;26.936936936936938;0.0;0.0;1.4318521914712399;0.0;0.0;-1.8292e-06
0.0;0.0;26.966966966966968;0.0;0.0;1.4280229054167484;0.0;0.0;-1.8176e-06
0.0;0.0;26.996996996996998;0.0;0.0;1.4242075423374172;0.0;0.0;-1.8062e-06
0.0;0.0;27.027027027027028;0.0;0.0;1.4204060378518932;0.0;0.0;-1.7948e-06
0.0;0.0;27.057057057057058;0.0;0.0;1.4166183279417595;0.0;0.0;-1.7835e-06
0.0;0.0;27.087087087087088;0.0;0.0;1.4128443489489917;0.0;0.0;-1.7724e-06
0.0;0.0;27.117117117117118;0.0;0.0;1.409084037572565;0.0;0.0;-1.7612e-06
0.0;0.0;27.147147147147148;0.0;0.0;1.4053373308678179;0.0;0.0;-1.7502e-06
0.0;0.0;27.177177177177178;0.0;0.0;1.4016041662424945;0.0;0.0;-1.7393e-06
0.0;0.0;27.207207207207208;0.0;0.0;1.3978844814555427;0.0;0.0;-1.7283e-06
0.0;0.0;27.237237237237238;0.0;0.0;1.3941782146139339;0.0;0.0;-1.7176e-06
0.0;0.0;27.26726726726727;0.0;0.0;1.3904853041713199;0.0;0.0;-1.7068e-06
0.0;0.0;27.2972972972973;0.0;0.0;1.3868056889244282;0.0;0.0;-1.6962e-06
0.0;0.0;27.32732732732733;0.0;0.0;1.3831393080121437;0.0;0.0;-1.6856e-06
0.0;0.0;27.35735735735736;0.0;0.0;1.3794861009125394;0.0;0.0;-1.6751e-06
0.0;0.0;27.38738738738739;0.0;0.0;1.375846007440615;0.0;0.0;-1.6648e-06
0.0;0.0;27.41741741741742;0.0;0.0;1.3722189677462475;0.0;0.0;-1.6543e-06
0.0;0.0;27.44744744744745;0.0;0.0;1.3686049223121413;0.0;0.0;-1.6441e-06
0.0;0.0;27.47747747747748;0.0;0.0;1.365003811951213;0.0;0.0;-1.6339e-06
0.0;0.0;27.50750750750751;0.0;0.0;1.361415577804895;0.0;0.0;-1.6238e-06
0.0;0.0;27.53753753753754;0.0;0.0;1.3578401613408742;0.0;0.0;-1.6138e-06
0.0;0.0;27.56756756756757;0.0;0.0;1.354277504350335;0.0;0.0;-1.6039e-06
0.0;0.0;27.5975975975976;0.0;0.0;1.350727548947041;0.0;0.0;-1.5939e-06
0.0;0.0;27.62762762762763;0.0;0.0;1.3471902375640126;0.0;0.0;-1.584e-06
0.0;0.0;27.65765765765766;0.0;0.0;1.3436655129521842;0.0;0.0;-1.5742e-06
0.0;0.0;27.68768768768769;0.0;0.0;1.340153318178355;0.0;0.0;-1.5646e-06
0.0;0.0;27.71771771771772;0.0;0.0;1.3366535966224316;0.0;0.0;-1.5549e-06
0.0;0.0;27.74774774774775;0.0;0.0;1.3331662919762983;0.0;0.0;-1.5454e-06
0.0;0.0;27.77777777777778;0.0;0.0;1.3296913482410597;0.0;0.0;-1.5359e-06
0.0;0.0;27.80780780780781;0.0;0.0;1.326228709725486;0.0;0.0;-1.5265e-06
0.0;0.0;27.83783783783784;0.0;0.0;1.322778321043539;0.0;0.0;-1.5171e-06
0.0;0.0;27.86786786786787;0.0;0.0;1.319340127113525;0.0;0.0;-1.5079e-06
0.0;0.0;27.8978978978979;0.0;0.0;1.3159140731542769;0.0;0.0;-1.4987e-06
0.0;0.0;27.92792792792793;0.0;0.0;1.3125001046851545;0.0;0.0;-1.4894e-06
0.0;0.0;27.95795795795796;0.0;0.0;1.3090981675222992;0.0;0.0;-1.4803e-06
0.0;0.0;27.98798798798799;0.0;0.0;1.3057082077785622;0.0;0.0;-1.4714e-06
0.0;0.0;28.01801801801802;0.0;0.0;1.3023301718600426;0.0;0.0;-1.4624e-06
0.0;0.0;28.04804804804805;0.0;0.0;1.298964006464743;0.0;0.0;-1.4535e-06
0.0;0.0;28.07807807807808;0.0;0.0;1.2956096585813692;0.0;0.0;-1.4446e-06
0.0;0.0;28.10810810810811;0.0;0.0;1.2922670754860075;0.0;0.0;-1.4358e-06
0.0;0.0;28.13813813813814;0.0;0.0;1.2889362047417716;0.0;0.0;-1.4271e-06
0.0;0.0;28.16816816816817;0.0;0.0;1.2856169941957638;0.0;0.0;-1.4185e-06
0.0;0.0;28.1981981981982;0.0;0.0;1.2823093919785085;0.0;0.0;-1.4099e-06
0.0;0.0;28.22822822822823;0.0;0.0;1.2790133465009144;0.0;0.0;-1.4014e-06
0.0;0.0;28.25825825825826;0.0;0.0;1.2757288064527885;0.0;0.0;-1.3928e-06
0.0;0.0;28.28828828828829;0.0;0.0;1.272455720801849;0.0;0.0;-1.3844e-06
0.0;0.0;28.31831831831832;0.0;0.0;1.2691940387908953;0.0;0.0;-1.3761e-06
0.0;0.0;28.34834834834835;0.0;0.0;1.265943709936821;0.0;0.0;-1.3679e-06
0.0;0.0;28.37837837837838;0.0;0.0;1.2627046840282092;0.0;0.0;-1.3596e-06
0.0;0.0;28.40840840840841;0.0;0.0;1.2594769111244144;0.0;0.0;-1.3514e-06
0.0;0.0;28.43843843843844;0.0;0.0;1.256260341552947;0.0;0.0;-1.3433e-06
0.0;0.0;28.46846846846847;0.0;0.0;1.2530549259086965;0.0;0.0;-1.3353e-06
0.0;0.0;28.4984984984985;0.0;0.0;1.249860615050962;0.0;0.0;-1.3272e-06
0.0;0.0;28.52852852852853;0.0;0.0;1.246677360103382;0.0;0.0;-1.3192e-06
0.0;0.0;28.55855855855856;0.0;0.0;1.243505112451179;0.0;0.0;-1.3113e-06
0.0;0.0;28.58858858858859;0.0;0.0;1.240343823739531;0.0;0.0;-1.3035e-06
0.0;0.0;28.61861861861862;0.0;0.0;1.2371934458722322;0.0;0.0;-1.2957e-06
0.0;0.0;28.64864864864865;0.0;0.0;1.2340539310102767;0.0;0.0;-1.288e-06
0.0;0.0;28.67867867867868;0.0;0.0;1.2309252315696686;0.0;0.0;-1.2803e-06
0.0;0.0;28.70870870870871;0.0;0.0;1.2278073002200083;0.0;0.0;-1.2726e-06
0.0;0.0;28.73873873873874;0.0;0.0;1.2247000898834322;0.0;0.0;-1.265e-06
0.0;0.0;28.76876876876877;0.0;0.0;1.2216035537321388;0.0;0.0;-1.2575e-06
0.0;0.0;28.7987987987988;0.0;0.0;1.2185176451873998;0.0;0.0;-1.25e-06
0.0;0.0;28.82882882882883;0.0;0.0;1.2154423179179337;0.0;0.0;-1.2425e-06
0.0;0.0;28.85885885885886;0.0;0.0;1.2123775258378564;0.0;0.0;-1.2352e-06
0.0;0.0;28.88888888888889;0.0;0.0;1.2093232231064697;0.0;0.0;-1.2278e-06
0.0;0.0;28.91891891891892;0.0;0.0;1.206279364124797;0.0;0.0;-1.2206e-06
0.0;0.0;28.94894894894895;0.0;0.0;1.2032459035357255;0.0;0.0;-1.2134e-06
0.0;0.0;28.97897897897898;0.0;0.0;1.2002227962213907;0.0;0.0;-1.2062e-06
0.0;0.0;29.00900900900901;0.0;0.0;1.1972099973027528;0.0;0.0;-1.199e-06
0.0;0.0;29.03903903903904;0.0;0.0;1.1942074621371217;0.0;0.0;-1.1919e-06
0.0;0.0;29.06906906906907;0.0;0.0;1.1912151463170277;0.0;0.0;-1.1849e-06
0.0;0.0;29.0990990990991;0.0;0.0;1.1882330056688073;0.0;0.0;-1.178e-06
0.0;0.0;29.12912912912913;0.0;0.0;1.185260996251401;0.0;0.0;-1.171e-06
0.0;0.0;29.15915915915916;0.0;0.0;1.1822990743544457;0.0;0.0;-1.1641e-06
0.0;0.0;29.18918918918919;0.0;0.0;1.1793471964970734;0.0;0.0;-1.1573e-06
0.0;0.0;29.21921921921922;0.0;0.0;1.1764053194263555;0.0;0.0;-1.1505e-06
0.0;0.0;29.24924924924925;0.0;0.0;1.1734734001163136;0.0;0.0;-1.1438e-06
0.0;0.0;29.27927927927928;0.0;0.0;1.1705513957657991;0.0;0.0;-1.1371e-06
0.0;0.0;29.30930930930931;0.0;0.0;1.1676392637980697;0.0;0.0;-1.1304e-06
0.0;0.0;29.33933933933934;0.0;0.0;1.1647369618582442;0.0;0.0;-1.1237e-06
0.0;0.0;29.36936936936937;0.0;0.0;1.161844447812525;0.0;0.0;-1.1172e-06
0.0;0.0;29.3993993993994;0.0;0.0;1.1589616797474915;0.0;0.0;-1.1106e-06
0.0;0.0;29.42942942942943;0.0;0.0;1.1560886159674861;0.0;0.0;-1.1042e-06
0.0;0.0;29.45945945945946;0.0;0.0;1.1532252149942588;0.0;0.0;-1.0978e-06
0.0;0.0;29.48948948948949;0.0;0.0;1.1503714355647068;0.0;0.0;-1.0914e-06
0.0;0.0;29.51951951951952;0.0;0.0;1.1475272366308737;0.0;0.0;-1.085e-06
0.0;0.0;29.54954954954955;0.0;0.0;1.1446925773571943;0.0;0.0;-1.0788e-06
0.0;0.0;29.57957957957958;0.0;0.0;1.1418674171202106;0.0;0.0;-1.0724e-06
0.0;0.0;29.60960960960961;0.0;0.0;1.1390517155065931;0.0;0.0;-1.0663e-06
0.0;0.0;29.63963963963964;0.0;0.0;1.136245432312788;0.0;0.0;-1.06e-06
0.0;0.0;29.66966966966967;0.0;0.0;1.1334485275425423;0.0;0.0;-1.0539e-06
0.0;0.0;29.6996996996997;0.0;0.0;1.1306609614063399;0.0;0.0;-1.0478e-06
0.0;0.0;29.72972972972973;0.0;0.0;1.127882694320269;0.0;0.0;-1.0417e-06
0.0;0.0;29.75975975975976;0.0;0.0;1.1251136869041862;0.0;0.0;-1.0357e-06
0.0;0.0;29.78978978978979;0.0;0.0;1.122353899981079;0.0;0.0;-1.0298e-06
0.0;0.0;29.81981981981982;0.0;0.0;1.1196032945755112;0.0;0.0;-1.0238e-06
0.0;0.0;29.84984984984985;0.0;0.0;1.1168618319125636;0.0;0.0;-1.0179e-06
0.0;0.0;29.87987987987988;0.0;0.0;1.1141294734159952;0.0;0.0;-1.0121e-06
0.0;0.0;29.90990990990991;0.0;0.0;1.1114061807081024;0.0;0.0;-1.0063e-06
0.0;0.0;29.93993993993994;0.0;0.0;1.1086919156079516;0.0;0.0;-1.0004e-06
0.0;0.0;29.96996996996997;0.0;0.0;1.1059866401297542;0.0;0.0;-9.947e-07
0.0;0.0;30.0;0.0;0.0;1.1032903164824426;0.0;0.0;-9.89e-07
